course_id,name,course_mode,live_status,class_id,classroom_name,publish_status,have_permission,price,start_time,learn_cnt,cover_url,is_target
1338409,热学和光学自招,2,,59253, 精品课程,1,,1.0,,32,https://imgs.genshuixue.com/83608986_3mlxq5v3.png,1
1370917,复交三一考前集训,2,,59253, 精品课程,1,,1.0,,10,https://imgs.genshuixue.com/83608986_3mlxq5v3.png,1
1371648,2022高一暑假(2)班,2,,59253, 精品课程,1,,1.0,,1,https://imgs.genshuixue.com/83608986_3mlxq5v3.png,1
1371758,分班考试冲刺,2,,59253, 精品课程,1,,1.0,,19,https://imgs.genshuixue.com/83608986_3mlxq5v3.png,1
1376232,高一物理三一集训,2,,59253, 精品课程,1,,1.0,,56,https://imgs.genshuixue.com/83608986_3mlxq5v3.png,1
1378864,衔接课程,2,,59253, 精品课程,1,,200.0,,,https://imgs.genshuixue.com/83608986_3mlxq5v3.png,1
1388223,高一物理自招 动量 功和能系列,2,,59253, 精品课程,1,,1.0,,,https://imgs.genshuixue.com/83608986_3mlxq5v3.png,1
1388224,高三自招冲刺,2,,59253, 精品课程,1,,1.0,,,https://imgs.genshuixue.com/83608986_3mlxq5v3.png,1
1388225,必修也和必修二集训复习,2,,59253, 精品课程,1,,1.0,,,https://imgs.genshuixue.com/83608986_3mlxq5v3.png,1
1388514,66,2,,59253, 精品课程,1,,3.0,,,https://imgs.genshuixue.com/83608986_3mlxq5v3.png,1
1389084,电磁 动量三一集训,2,,59253, 精品课程,1,,1.0,,31,https://imgs.genshuixue.com/83608986_3mlxq5v3.png,1
1391354,春季4次磁场课,2,,59253, 精品课程,1,,1.0,,1,https://imgs.genshuixue.com/83608986_3mlxq5v3.png,1
1392992,2024分班考集训冲刺,2,,59253, 精品课程,1,,1.0,,20,https://imgs.genshuixue.com/83608986_3mlxq5v3.png,1
1393276,2024暑高一物理三一集训,2,,59253, 精品课程,1,,1.0,,37,https://imgs.genshuixue.com/83608986_3mlxq5v3.png,1
1393282,动量和电磁三一集训,2,,59253, 精品课程,1,,1.0,,40,https://imgs.genshuixue.com/83608986_3mlxq5v3.png,1
1393821,2024学考冲刺,2,,59253, 精品课程,1,,1.0,,23,https://imgs.genshuixue.com/83608986_3mlxq5v3.png,1
1394241,2025复交三一总复习,2,,59253, 精品课程,1,,1.0,,29,https://imgs.genshuixue.com/83608986_3mlxq5v3.png,1
1394586,2025高一物理下 期中复习,2,,59253, 精品课程,1,,1.0,,21,https://imgs.genshuixue.com/83608986_3mlxq5v3.png,1
1394674,考前复习,2,,59253, 精品课程,1,,1.0,,,https://imgs.genshuixue.com/83608986_3mlxq5v3.png,1
1394724,临门一脚 考前冲刺,2,,59253, 精品课程,1,,1.0,,60,https://imgs.genshuixue.com/83608986_3mlxq5v3.png,1
1394757,2025高一物理期末复习,2,,59253, 精品课程,1,,1.0,,19,https://imgs.genshuixue.com/83608986_3mlxq5v3.png,1
1394760,复交三一考前冲刺,2,,59253, 精品课程,1,,1.0,,20,https://imgs.genshuixue.com/83608986_3mlxq5v3.png,1
1394985,电磁衔接课程,2,,59253, 精品课程,1,,1.0,,32,https://imgs.genshuixue.com/83608986_3mlxq5v3.png,1
1394988,2025暑高一（3）,2,,59253, 精品课程,1,,1.0,,52,https://imgs.genshuixue.com/83608986_3mlxq5v3.png,1
1395009,2025暑高三压轴冲刺（一）班7点45,2,,59253, 精品课程,1,,1.0,,52,https://imgs.genshuixue.com/83608986_3mlxq5v3.png,1
1395010,2025暑高三压轴冲刺（二）班  19点35,2,,59253, 精品课程,1,,1.0,,79,https://imgs.genshuixue.com/83608986_3mlxq5v3.png,1
1395011,2025暑高二物理（一）班13点20,2,,59253, 精品课程,1,,1.0,,57,https://imgs.genshuixue.com/83608986_3mlxq5v3.png,1
1395012,2025暑高二物理（二）班17点45,2,,59253, 精品课程,1,,1.0,,91,https://imgs.genshuixue.com/83608986_3mlxq5v3.png,1
1395073,2025暑高一三一,2,,59253, 精品课程,1,,1.0,,50,https://imgs.genshuixue.com/83608986_3mlxq5v3.png,1
1395082,2025动量电磁三一集训,2,,59253, 精品课程,1,,1.0,,40,https://imgs.genshuixue.com/83608986_3mlxq5v3.png,1
1395139,2025高一三一暑假回放课程 （微积分两节）,2,,59253, 精品课程,1,,1.0,,26,https://imgs.genshuixue.com/83608986_3mlxq5v3.png,1
1395153,2025暑高一4班,2,,59253, 精品课程,1,,1.0,,1,https://imgs.genshuixue.com/83608986_3mlxq5v3.png,1
1395154,2025秋 高一 （1）19点35,2,,59253, 精品课程,1,,1.0,,38,https://imgs.genshuixue.com/83608986_3mlxq5v3.png,1
1395155,2025秋 高一 （2）11点40,2,,59253, 精品课程,1,,1.0,,37,https://imgs.genshuixue.com/83608986_3mlxq5v3.png,1
1395156,2025秋高三首考冲刺 （1班）7点45,2,,59253, 精品课程,1,,1.0,,48,https://imgs.genshuixue.com/83608986_3mlxq5v3.png,1
1395157,2025秋高三首考冲刺 （2班）21点15,2,,59253, 精品课程,1,,1.0,,36,https://imgs.genshuixue.com/83608986_3mlxq5v3.png,1
1395158,2025秋高二（1）17点45,2,,59253, 精品课程,1,,1.0,,51,https://imgs.genshuixue.com/83608986_3mlxq5v3.png,1
1395159,2025秋高二（二）9点35,2,,59253, 精品课程,1,,1.0,,32,https://imgs.genshuixue.com/83608986_3mlxq5v3.png,1
1395160,2025秋 高一3班15点10,2,,59253, 精品课程,1,,1.0,,16,https://imgs.genshuixue.com/83608986_3mlxq5v3.png,1
1395474,2025秋高一期中冲刺复习,2,,59253, 精品课程,1,,1.0,,51,https://imgs.genshuixue.com/83608986_3mlxq5v3.png,1
1395574,2025学考冲刺复习,2,,59253, 精品课程,1,,1.0,,17,https://imgs.genshuixue.com/83608986_3mlxq5v3.png,1
1395648,临门一脚 考前冲刺,2,,59253, 精品课程,1,,1.0,,95,https://imgs.genshuixue.com/83608986_3mlxq5v3.png,1
1395659,2025秋高一期末复习,2,,59253, 精品课程,1,,1.0,,50,https://imgs.genshuixue.com/83608986_3mlxq5v3.png,1
1395833,2026高一物理寒假19点35,2,,59253, 精品课程,1,,1.0,,45,https://imgs.genshuixue.com/83608986_3mlxq5v3.png,1
1395834,2026寒假高一物理11点40,2,,59253, 精品课程,1,,1.0,,48,https://imgs.genshuixue.com/83608986_3mlxq5v3.png,1
1395835,2026寒假高二物理一轮复习（一）17点45,2,,59253, 精品课程,1,,1.0,,51,https://imgs.genshuixue.com/83608986_3mlxq5v3.png,1
1395836,2026寒假高二物理一轮复习（一）9点35,2,,59253, 精品课程,1,,1.0,,44,https://imgs.genshuixue.com/83608986_3mlxq5v3.png,1
1395912,2026三一总复习,2,,59253, 精品课程,1,,1.0,,20,https://imgs.genshuixue.com/83608986_3mlxq5v3.png,1
1395915,2026高三物理二考冲刺,2,,59253, 精品课程,1,,1.0,,37,https://imgs.genshuixue.com/83608986_3mlxq5v3.png,1
1396015,2026春 高二一轮复习二 17点45,2,,59253, 精品课程,1,,1.0,,53,https://imgs.genshuixue.com/83608986_3mlxq5v3.png,1
1396016,2026春 高二一轮复习二 9点35,2,,59253, 精品课程,1,,1.0,,38,https://imgs.genshuixue.com/83608986_3mlxq5v3.png,1
1396017,2026春高一物理19点35,2,,59253, 精品课程,1,,1.0,,46,https://imgs.genshuixue.com/83608986_3mlxq5v3.png,1
1396018,2026春高一物理11点40,2,,59253, 精品课程,1,,1.0,,33,https://imgs.genshuixue.com/83608986_3mlxq5v3.png,1
1396019,2026春新高一物理13点20,2,,59253, 精品课程,1,,1.0,,7,https://imgs.genshuixue.com/83608986_3mlxq5v3.png,1
1396045,考前冲刺,2,,59253, 精品课程,1,,,,,https://imgs.genshuixue.com/83608986_3mlxq5v3.png,1
1396295,2026暑高一（1）17点45,2,,59253, 精品课程,1,,1.0,,45,https://imgs.genshuixue.com/83608986_3mlxq5v3.png,1
1396296,2026暑高一（2）19点40,2,,59253, 精品课程,1,True,1.0,,14,https://imgs.genshuixue.com/83608986_3mlxq5v3.png,1
1396384,2026暑高二（1）13点30一,2,,59253, 精品课程,1,,1.0,,45,https://imgs.genshuixue.com/83608986_3mlxq5v3.png,1
1396385,2026暑高一（3班）,2,,59253, 精品课程,1,,1.0,,43,https://imgs.genshuixue.com/83608986_3mlxq5v3.png,1
1396386,2026暑高三压轴题冲刺（2班）17点45,2,,59253, 精品课程,1,,1.0,,41,https://imgs.genshuixue.com/83608986_3mlxq5v3.png,1
1396387,2026暑高二（二）19点35,2,,59253, 精品课程,1,,1.0,,61,https://imgs.genshuixue.com/83608986_3mlxq5v3.png,1
1396388,2026暑高三压轴题冲刺（1班） 7点45,2,,59253, 精品课程,,,1.0,,63,https://imgs.genshuixue.com/83608986_3mlxq5v3.png,1
1396424,2026暑高一三一集训,2,,59253, 精品课程,1,True,1.0,,36,https://imgs.genshuixue.com/83608986_3mlxq5v3.png,1
1396429,复交三一（动量 角动量  电磁部分）,2,,59253, 精品课程,1,,1.0,,17,https://imgs.genshuixue.com/83608986_3mlxq5v3.png,1
9067302,微积分初步 动量  动量守恒,1,4,59253, 精品课程,,,,2023-01-19 13:30,31,https://imgs.genshuixue.com/83608986_3mlxq5v3.png,1
9067512,动量和能量,1,4,59253, 精品课程,,,,2023-01-20 13:30,31,https://imgs.genshuixue.com/83608986_3mlxq5v3.png,1
9067585,静电场,1,4,59253, 精品课程,,,,2023-01-23 13:30,31,https://imgs.genshuixue.com/83608986_3mlxq5v3.png,1
9067594,静电场续  直流电路,1,4,59253, 精品课程,,,,2023-01-24 13:30,31,https://imgs.genshuixue.com/83608986_3mlxq5v3.png,1
9067630,直流电路续  磁场,1,4,59253, 精品课程,,,,2023-01-25 13:30,31,https://imgs.genshuixue.com/83608986_3mlxq5v3.png,1
9067697,磁场续  电磁感应,1,4,59253, 精品课程,,,,2023-01-26 13:30,31,https://imgs.genshuixue.com/83608986_3mlxq5v3.png,1
9088411,第十三次 安培力 洛伦兹力,1,4,59253, 精品课程,,,1.0,2023-05-07 09:35,1,https://imgs.genshuixue.com/83608986_3mlxq5v3.png,1
9089434,第十四  带电粒子在磁场中的运动,1,4,59253, 精品课程,,,1.0,2023-05-14 09:35,1,https://imgs.genshuixue.com/83608986_3mlxq5v3.png,1
9091060,第十五次 带电粒子在复合场的运动实例分析,1,4,59253, 精品课程,,,1.0,2023-05-28 09:35,1,https://imgs.genshuixue.com/83608986_3mlxq5v3.png,1
9091910,第十六次 带电粒子的运动 磁场计算复习,1,4,59253, 精品课程,,,1.0,2023-06-05 15:30,1,https://imgs.genshuixue.com/83608986_3mlxq5v3.png,1
9140260,第一节静力学,1,4,59253, 精品课程,,,,2024-06-27 19:45,20,https://imgs.genshuixue.com/83608986_3mlxq5v3.png,1
9140553,第二次   静力学续  运动学,1,4,59253, 精品课程,,,,2024-06-28 19:45,20,https://imgs.genshuixue.com/83608986_3mlxq5v3.png,1
9140613,第三节，牛顿运动定律  功和能,1,4,59253, 精品课程,,,,2024-06-29 19:45,20,https://imgs.genshuixue.com/83608986_3mlxq5v3.png,1
9140783,第四次  热学  密度  压强,1,4,59253, 精品课程,,,,2024-06-30 11:40,20,https://imgs.genshuixue.com/83608986_3mlxq5v3.png,1
9141251,第五次 浮力  ,1,4,59253, 精品课程,,,,2024-06-30 19:45,20,https://imgs.genshuixue.com/83608986_3mlxq5v3.png,1
9141734,第六次 直流电    磁场  电磁感应,1,4,59253, 精品课程,,,,2024-07-01 19:45,20,https://imgs.genshuixue.com/83608986_3mlxq5v3.png,1
9142140,第七次  磁场    光学,1,4,59253, 精品课程,,,,2024-07-02 19:45,20,https://imgs.genshuixue.com/83608986_3mlxq5v3.png,1
9145986,第一次 微积分初步,1,4,59253, 精品课程,,,,2024-08-03 13:00,37,https://imgs.genshuixue.com/83608986_3mlxq5v3.png,1
9146104,第一次动量定理 动量守恒,1,4,59253, 精品课程,,,,2024-08-04 17:50,40,https://imgs.genshuixue.com/83608986_3mlxq5v3.png,1
9146105,第二次 动量守恒  刚体的转动,1,4,59253, 精品课程,,,,2024-08-04 19:30,40,https://imgs.genshuixue.com/83608986_3mlxq5v3.png,1
9146193,第二次 微积分续  运动学,1,4,59253, 精品课程,,,,2024-08-04 13:00,37,https://imgs.genshuixue.com/83608986_3mlxq5v3.png,1
9146261,第三次 运动学 二,1,4,59253, 精品课程,,,1.0,2024-08-05 13:00,37,https://imgs.genshuixue.com/83608986_3mlxq5v3.png,1
9146262,第三次  刚体的转动 动量和能量,1,4,59253, 精品课程,,,,2024-08-05 17:50,40,https://imgs.genshuixue.com/83608986_3mlxq5v3.png,1
9146263,第四次  动量和能量,1,4,59253, 精品课程,,,,2024-08-05 19:30,40,https://imgs.genshuixue.com/83608986_3mlxq5v3.png,1
9146359,第四次 圆周运动续  静力学一 ,1,4,59253, 精品课程,,,,2024-08-06 13:00,37,https://imgs.genshuixue.com/83608986_3mlxq5v3.png,1
9146376,第五次   微积分 片段  静电场一,1,4,59253, 精品课程,,,,2024-08-06 17:50,40,https://imgs.genshuixue.com/83608986_3mlxq5v3.png,1
9146377,第六次 静电场二,1,4,59253, 精品课程,,,,2024-08-06 19:30,40,https://imgs.genshuixue.com/83608986_3mlxq5v3.png,1
9146405,第五次 静力学,1,4,59253, 精品课程,,,,2024-08-07 13:00,37,https://imgs.genshuixue.com/83608986_3mlxq5v3.png,1
9146406,第七次  静电场三 ,1,4,59253, 精品课程,,,,2024-08-07 17:50,40,https://imgs.genshuixue.com/83608986_3mlxq5v3.png,1
9146407,第八次 恒定电流一 ,1,4,59253, 精品课程,,,,2024-08-07 19:30,40,https://imgs.genshuixue.com/83608986_3mlxq5v3.png,1
9146594,第六次  一般物体的平衡   动力学一 ,1,4,59253, 精品课程,,,,2024-08-08 13:00,37,https://imgs.genshuixue.com/83608986_3mlxq5v3.png,1
9146961,第九次 恒定电流二,1,4,59253, 精品课程,,,,2024-08-08 17:50,40,https://imgs.genshuixue.com/83608986_3mlxq5v3.png,1
9146962,第十次 磁场 ,1,4,59253, 精品课程,,,,2024-08-08 19:30,40,https://imgs.genshuixue.com/83608986_3mlxq5v3.png,1
9147114,第九次 惯性力,1,4,59253, 精品课程,,,,2024-08-09 13:00,37,https://imgs.genshuixue.com/83608986_3mlxq5v3.png,1
9147141,第十一次  磁场续  电磁感应一,1,4,59253, 精品课程,,,,2024-08-09 17:50,40,https://imgs.genshuixue.com/83608986_3mlxq5v3.png,1
9147142,第十二次 电磁感应二,1,4,59253, 精品课程,,,,2024-08-09 19:30,40,https://imgs.genshuixue.com/83608986_3mlxq5v3.png,1
9147229,第九次  力与曲线运动,1,4,59253, 精品课程,,,,2024-08-10 13:00,37,https://imgs.genshuixue.com/83608986_3mlxq5v3.png,1
9158618,第一次  动能定理综合计算,1,4,59253, 精品课程,,,,2024-11-24 13:30,23,https://imgs.genshuixue.com/83608986_3mlxq5v3.png,1
9159142,第二次  静电场复习,1,4,59253, 精品课程,,,,2024-12-01 13:30,23,https://imgs.genshuixue.com/83608986_3mlxq5v3.png,1
9159841,第三次  静电场 续  恒定电流   磁场初步,1,4,59253, 精品课程,,,,2024-12-08 13:25,23,https://imgs.genshuixue.com/83608986_3mlxq5v3.png,1
9160573,第四次  电磁感应续   直线运动  相互作用  牛顿运动定律,1,4,59253, 精品课程,,,,2024-12-15 13:25,23,https://imgs.genshuixue.com/83608986_3mlxq5v3.png,1
9161288,第五次 牛顿运动定律续  曲线运动  万有引力,1,4,59253, 精品课程,,,,2024-12-22 07:50,23,https://imgs.genshuixue.com/83608986_3mlxq5v3.png,1
9161776,第六次 万有引力  实验复习,1,4,59253, 精品课程,,,,2024-12-29 13:25,23,https://imgs.genshuixue.com/83608986_3mlxq5v3.png,1
9165257,第一次  运动学,1,4,59253, 精品课程,,,,2025-01-27 13:30,29,https://imgs.genshuixue.com/83608986_3mlxq5v3.png,1
9165258,第二次 运动学续  静力学,1,4,59253, 精品课程,,,,2025-01-27 15:10,29,https://imgs.genshuixue.com/83608986_3mlxq5v3.png,1
9165288,第三次 静力学 续,1,4,59253, 精品课程,,,,2025-01-28 08:10,29,https://imgs.genshuixue.com/83608986_3mlxq5v3.png,1
9165289,第四次  力与直线运动,1,4,59253, 精品课程,,,,2025-01-28 09:50,29,https://imgs.genshuixue.com/83608986_3mlxq5v3.png,1
9165294,第五次  力与曲线运动   功和功率 ,1,4,59253, 精品课程,,,,2025-01-30 13:30,29,https://imgs.genshuixue.com/83608986_3mlxq5v3.png,1
9165295,第六次  动量   刚体的转动,1,4,59253, 精品课程,,,,2025-01-30 15:10,29,https://imgs.genshuixue.com/83608986_3mlxq5v3.png,1
9165304,第七次  功量和能量续  振动和波,1,4,59253, 精品课程,,,,2025-01-31 13:30,29,https://imgs.genshuixue.com/83608986_3mlxq5v3.png,1
9165305,第八次  静电场一,1,4,59253, 精品课程,,,,2025-01-31 15:10,29,https://imgs.genshuixue.com/83608986_3mlxq5v3.png,1
9165316,第九次 静电场二 ,1,4,59253, 精品课程,,,,2025-02-01 13:30,29,https://imgs.genshuixue.com/83608986_3mlxq5v3.png,1
9165317,第十次  恒定电流   ,1,4,59253, 精品课程,,,,2025-02-01 15:10,29,https://imgs.genshuixue.com/83608986_3mlxq5v3.png,1
9165327,第十一次  磁场  电磁感应,1,4,59253, 精品课程,,,,2025-02-02 13:30,29,https://imgs.genshuixue.com/83608986_3mlxq5v3.png,1
9165328,第十二次 热学一,1,4,59253, 精品课程,,,,2025-02-02 15:10,29,https://imgs.genshuixue.com/83608986_3mlxq5v3.png,1
9165374,第十三 热学续  光学,1,4,59253, 精品课程,,,,2025-02-03 13:30,29,https://imgs.genshuixue.com/83608986_3mlxq5v3.png,1
9165375,第十四  原子物理  相对论  微积分,1,4,59253, 精品课程,,,,2025-02-03 15:10,29,https://imgs.genshuixue.com/83608986_3mlxq5v3.png,1
9171714,第一次静电场一,1,4,59253, 精品课程,,,,2025-03-30 13:15,21,https://imgs.genshuixue.com/83608986_3mlxq5v3.png,1
9172047,第二次 电场二,1,4,59253, 精品课程,,,,2025-04-04 13:15,21,https://imgs.genshuixue.com/83608986_3mlxq5v3.png,1
9172071,第三次电场计算 恒定电流,1,4,59253, 精品课程,,,,2025-04-05 08:00,21,https://imgs.genshuixue.com/83608986_3mlxq5v3.png,1
9172514,第四次 电学实验,1,4,59253, 精品课程,,,,2025-04-13 13:15,21,https://imgs.genshuixue.com/83608986_3mlxq5v3.png,1
9173843,错题分析一,1,4,59253, 精品课程,,,,2025-05-08 19:00,,https://imgs.genshuixue.com/83608986_3mlxq5v3.png,1
9174376,电磁感应复习一,1,4,59253, 精品课程,,,,2025-05-16 20:45,,https://imgs.genshuixue.com/83608986_3mlxq5v3.png,1
9174595,电磁感应二,1,4,59253, 精品课程,,,,2025-05-19 20:35,,https://imgs.genshuixue.com/83608986_3mlxq5v3.png,1
9174726,错题分析二,1,4,59253, 精品课程,,,,2025-05-22 20:25,,https://imgs.genshuixue.com/83608986_3mlxq5v3.png,1
9174763,力与运动,1,4,59253, 精品课程,,,,2025-05-23 18:00,,https://imgs.genshuixue.com/83608986_3mlxq5v3.png,1
9174764,力与运动二,1,4,59253, 精品课程,,,,2025-05-23 20:20,,https://imgs.genshuixue.com/83608986_3mlxq5v3.png,1
9175102,考前冲刺一 ,1,4,59253, 精品课程,,,,2025-05-31 08:00,60,https://imgs.genshuixue.com/83608986_3mlxq5v3.png,1
9175103,考前冲刺二,1,4,59253, 精品课程,,,,2025-05-31 09:40,60,https://imgs.genshuixue.com/83608986_3mlxq5v3.png,1
9175417,热学复习,1,4,59253, 精品课程,,,,2025-05-31 19:30,,https://imgs.genshuixue.com/83608986_3mlxq5v3.png,1
9175457,选择训练,1,4,59253, 精品课程,,,,2025-06-01 20:00,,https://imgs.genshuixue.com/83608986_3mlxq5v3.png,1
9175883,第一次 电磁场计算复习,1,4,59253, 精品课程,,,,2025-06-07 13:30,19,https://imgs.genshuixue.com/83608986_3mlxq5v3.png,1
9175957,冲刺一运动学  静力学   力与直线运动,1,4,59253, 精品课程,,,,2025-06-09 18:00,20,https://imgs.genshuixue.com/83608986_3mlxq5v3.png,1
9175959,冲刺二   力与曲线运动   功和能 动量   ,1,4,59253, 精品课程,,,,2025-06-09 20:10,20,https://imgs.genshuixue.com/83608986_3mlxq5v3.png,1
9175992,第三次  机械振动  机械波  电场  恒定电流,1,4,59253, 精品课程,,,,2025-06-10 13:00,20,https://imgs.genshuixue.com/83608986_3mlxq5v3.png,1
9175993,第四次  磁场  电磁感应 热学光学 原子物理,1,4,59253, 精品课程,,,,2025-06-10 15:10,20,https://imgs.genshuixue.com/83608986_3mlxq5v3.png,1
9176288,第二次 电磁感应计算复习,1,4,59253, 精品课程,,,,2025-06-14 17:45,19,https://imgs.genshuixue.com/83608986_3mlxq5v3.png,1
9179051,第一次  安培力  与洛伦兹兹力   带电粒子在磁场中的运动一,1,4,59253, 精品课程,,,,2025-07-09 17:45,32,https://imgs.genshuixue.com/83608986_3mlxq5v3.png,1
9179077,第二次带电粒子在匀强磁场中的运动电磁感应一,1,4,59253, 精品课程,,,10.0,2025-07-10 17:45,32,https://imgs.genshuixue.com/83608986_3mlxq5v3.png,1
9179078,第三次法拉第电磁感应综合应用,1,4,59253, 精品课程,,,1.0,2025-07-11 17:45,32,https://imgs.genshuixue.com/83608986_3mlxq5v3.png,1
9179081,第一次 重力  弹力  摩擦力,1,4,59253, 精品课程,,,1.0,2025-07-14 09:40,61,https://imgs.genshuixue.com/83608986_3mlxq5v3.png,1
9179620,第一次   kv与kx  模型的力    ,1,4,59253, 精品课程,,,,2025-07-14 07:45,52,https://imgs.genshuixue.com/83608986_3mlxq5v3.png,1
9179621,第一次   kv 与kX 模型的力,1,4,59253, 精品课程,,,1.0,2025-07-14 19:35,80,https://imgs.genshuixue.com/83608986_3mlxq5v3.png,1
9179622,第一讲 动量定理,1,4,59253, 精品课程,,,,2025-07-13 13:30,57,https://imgs.genshuixue.com/83608986_3mlxq5v3.png,1
9179623, 第一讲  动量定理,1,4,59253, 精品课程,,,1.0,2025-07-13 17:45,93,https://imgs.genshuixue.com/83608986_3mlxq5v3.png,1
9179762,第二次 动量守恒,1,4,59253, 精品课程,,,,2025-07-14 13:30,57,https://imgs.genshuixue.com/83608986_3mlxq5v3.png,1
9179764,第二次 动量守恒,1,4,59253, 精品课程,,,,2025-07-14 17:45,91,https://imgs.genshuixue.com/83608986_3mlxq5v3.png,1
9179765,第二次 摩擦力  力的合成与分解,1,4,59253, 精品课程,,,1.0,2025-07-15 09:40,53,https://imgs.genshuixue.com/83608986_3mlxq5v3.png,1
9179766,第二次  粒子与场  三点一线定圆心,1,4,59253, 精品课程,,,,2025-07-15 07:45,52,https://imgs.genshuixue.com/83608986_3mlxq5v3.png,1
9179767,第二次  粒子与场  三点一线定圆心,1,4,59253, 精品课程,,,,2025-07-15 19:35,79,https://imgs.genshuixue.com/83608986_3mlxq5v3.png,1
9179913,第三次弹簧和板块问题，反冲,1,4,59253, 精品课程,,,,2025-07-15 13:30,57,https://imgs.genshuixue.com/83608986_3mlxq5v3.png,1
9179914,第三次 弹簧和板块问题  反冲,1,4,59253, 精品课程,,,,2025-07-15 17:35,91,https://imgs.genshuixue.com/83608986_3mlxq5v3.png,1
9179915,第三次  三线一线定圆心续  磁场中的三种圆,1,4,59253, 精品课程,,,,2025-07-16 07:45,52,https://imgs.genshuixue.com/83608986_3mlxq5v3.png,1
9179916,第三次  三线一线定圆心续  磁场中的三种圆,1,4,59253, 精品课程,,,,2025-07-16 19:35,79,https://imgs.genshuixue.com/83608986_3mlxq5v3.png,1
9179917,第三次 力和合成与分解续,1,4,59253, 精品课程,,,,2025-07-16 09:40,52,https://imgs.genshuixue.com/83608986_3mlxq5v3.png,1
9179950,第四   反冲  力的三点观点解决问题,1,4,59253, 精品课程,,,,2025-07-16 13:30,57,https://imgs.genshuixue.com/83608986_3mlxq5v3.png,1
9179951,第四   反冲  力的三点观点解决问题,1,4,59253, 精品课程,,,,2025-07-16 17:45,91,https://imgs.genshuixue.com/83608986_3mlxq5v3.png,1
9179952,第四次  磁场中的三种圆 及对称问题,1,4,59253, 精品课程,,,,2025-07-17 07:45,52,https://imgs.genshuixue.com/83608986_3mlxq5v3.png,1
9179953,第四次  磁场中的三种圆 及对称问题,1,4,59253, 精品课程,,,,2025-07-17 19:35,79,https://imgs.genshuixue.com/83608986_3mlxq5v3.png,1
9179956,第四次  力的合成与分解续  相互作用核心题型,1,4,59253, 精品课程,,,,2025-07-17 09:40,52,https://imgs.genshuixue.com/83608986_3mlxq5v3.png,1
9180003,第五次  力的三大观点解决问题,1,4,59253, 精品课程,,,,2025-07-17 13:30,57,https://imgs.genshuixue.com/83608986_3mlxq5v3.png,1
9180004,第五次  力的三大观点解决问题,1,4,59253, 精品课程,,,,2025-07-17 17:45,91,https://imgs.genshuixue.com/83608986_3mlxq5v3.png,1
9180005,第五次  一交一切定边界  双圆共弦,1,4,59253, 精品课程,,,,2025-07-18 07:45,52,https://imgs.genshuixue.com/83608986_3mlxq5v3.png,1
9180006,第五次   一交一切定边界 双圆共弦,1,4,59253, 精品课程,,,,2025-07-18 19:35,79,https://imgs.genshuixue.com/83608986_3mlxq5v3.png,1
9180007,第五次   相互作用核心题型（一）,1,4,59253, 精品课程,,,,2025-07-18 09:45,52,https://imgs.genshuixue.com/83608986_3mlxq5v3.png,1
9180080,第六次  力的三大观点解决问题续 电磁感应与动量,1,4,59253, 精品课程,,,,2025-07-18 13:30,57,https://imgs.genshuixue.com/83608986_3mlxq5v3.png,1
9180081,第六次  力的三大观点解决问题续 电磁感应与动量,1,4,59253, 精品课程,,,,2025-07-18 17:45,91,https://imgs.genshuixue.com/83608986_3mlxq5v3.png,1
9180082,第六次 周期性多解问题 磁聚焦,1,4,59253, 精品课程,,,,2025-07-19 07:45,52,https://imgs.genshuixue.com/83608986_3mlxq5v3.png,1
9180083,第六次 周期性多解问题 磁聚焦,1,4,59253, 精品课程,,,,2025-07-19 19:35,79,https://imgs.genshuixue.com/83608986_3mlxq5v3.png,1
9180084,第六次 相互作用核心模型续 运动学,1,4,59253, 精品课程,,,,2025-07-19 09:40,52,https://imgs.genshuixue.com/83608986_3mlxq5v3.png,1
9180287,第七次 电磁感应与动量续,1,4,59253, 精品课程,,,,2025-07-19 13:30,57,https://imgs.genshuixue.com/83608986_3mlxq5v3.png,1
9180288,第七次 电磁感应与动量续,1,4,59253, 精品课程,,,,2025-07-19 17:45,91,https://imgs.genshuixue.com/83608986_3mlxq5v3.png,1
9180407,第七次 磁聚焦  复合场,1,4,59253, 精品课程,,,,2025-07-21 07:45,52,https://imgs.genshuixue.com/83608986_3mlxq5v3.png,1
9180408,第七次 磁聚焦  复合场,1,4,59253, 精品课程,,,,2025-07-21 19:35,79,https://imgs.genshuixue.com/83608986_3mlxq5v3.png,1
9180412,第七次 运动的描述续匀变速直线运动的规律,1,4,59253, 精品课程,,,,2025-07-21 09:40,52,https://imgs.genshuixue.com/83608986_3mlxq5v3.png,1
9180488,第八次 复合场二,1,4,59253, 精品课程,,,,2025-07-22 07:45,52,https://imgs.genshuixue.com/83608986_3mlxq5v3.png,1
9180489,第八次 复合场二,1,4,59253, 精品课程,,,,2025-07-22 19:35,79,https://imgs.genshuixue.com/83608986_3mlxq5v3.png,1
9180490,第八次 匀变速直线运动规律的应用,1,4,59253, 精品课程,,,,2025-07-22 09:40,52,https://imgs.genshuixue.com/83608986_3mlxq5v3.png,1
9180491,第八次 电磁感应与电容,1,4,59253, 精品课程,,,,2025-07-21 13:30,57,https://imgs.genshuixue.com/83608986_3mlxq5v3.png,1
9180492,第八次 电磁感应与电容,1,4,59253, 精品课程,,,,2025-07-21 17:45,91,https://imgs.genshuixue.com/83608986_3mlxq5v3.png,1
9180554,第九次  电磁感应与 电容 续  交流电,1,4,59253, 精品课程,,,,2025-07-22 17:45,91,https://imgs.genshuixue.com/83608986_3mlxq5v3.png,1
9180555,第九次  电磁感应与 电容 续  交流电,1,4,59253, 精品课程,,,,2025-07-22 13:30,57,https://imgs.genshuixue.com/83608986_3mlxq5v3.png,1
9180556,第九次 复合场 配速法,1,4,59253, 精品课程,,,,2025-07-23 07:45,52,https://imgs.genshuixue.com/83608986_3mlxq5v3.png,1
9180557,第九次 复合场 配速法,1,4,59253, 精品课程,,,,2025-07-23 19:35,79,https://imgs.genshuixue.com/83608986_3mlxq5v3.png,1
9180558,第九次 匀变速直线运动的图像   自由落体,1,4,59253, 精品课程,,,,2025-07-23 09:40,52,https://imgs.genshuixue.com/83608986_3mlxq5v3.png,1
9180688,第十次 变压器 电磁感应与交流电,1,4,59253, 精品课程,,,,2025-07-23 17:45,91,https://imgs.genshuixue.com/83608986_3mlxq5v3.png,1
9180689,第十次 变压器 电磁感应与交流电,1,4,59253, 精品课程,,,1.0,2025-07-23 13:30,57,https://imgs.genshuixue.com/83608986_3mlxq5v3.png,1
9180690,第十次  配速法  与洛伦兹力冲量  ,1,4,59253, 精品课程,,,,2025-07-24 07:45,52,https://imgs.genshuixue.com/83608986_3mlxq5v3.png,1
9180691,第十次  配速法  与洛伦兹力冲量  ,1,4,59253, 精品课程,,,,2025-07-24 19:35,79,https://imgs.genshuixue.com/83608986_3mlxq5v3.png,1
9180692,第十  自由落体,1,4,59253, 精品课程,,,,2025-07-24 09:40,52,https://imgs.genshuixue.com/83608986_3mlxq5v3.png,1
9180769,第十一  磁场复习一三点一线定圆心,1,4,59253, 精品课程,,,1.0,2025-07-24 13:30,57,https://imgs.genshuixue.com/83608986_3mlxq5v3.png,1
9180770,第十一 立体模型,1,4,59253, 精品课程,,,,2025-07-25 07:45,52,https://imgs.genshuixue.com/83608986_3mlxq5v3.png,1
9180771,第十一 立体模型,1,4,59253, 精品课程,,,,2025-07-25 19:35,79,https://imgs.genshuixue.com/83608986_3mlxq5v3.png,1
9180772,第十一   牛顿第二定律,1,4,59253, 精品课程,,,1.0,2025-07-25 09:40,53,https://imgs.genshuixue.com/83608986_3mlxq5v3.png,1
9180792,第十十一次次课  磁场复习一  三点一线定圆心,1,4,59253, 精品课程,,,,2025-07-24 17:48,91,https://imgs.genshuixue.com/83608986_3mlxq5v3.png,1
9180813,第十二次  三点一线定圆心 续  磁聚焦,1,4,59253, 精品课程,,,,2025-07-25 17:45,91,https://imgs.genshuixue.com/83608986_3mlxq5v3.png,1
9180814,第十二次  三点一线定圆心 续  磁聚焦,1,4,59253, 精品课程,,,1.0,2025-07-25 13:31,57,https://imgs.genshuixue.com/83608986_3mlxq5v3.png,1
9180815,第十二次 电磁感应核心基础知识  ,1,4,59253, 精品课程,,,,2025-07-26 07:45,52,https://imgs.genshuixue.com/83608986_3mlxq5v3.png,1
9180816,第十二次 电磁感应核心基础知识,1,4,59253, 精品课程,,,,2025-07-26 19:35,79,https://imgs.genshuixue.com/83608986_3mlxq5v3.png,1
9180817,第十二次  整体和隔离法,1,4,59253, 精品课程,,,,2025-07-26 09:40,52,https://imgs.genshuixue.com/83608986_3mlxq5v3.png,1
9180981,第十三次 对称聚焦   立体模型,1,4,59253, 精品课程,,,,2025-07-26 17:45,91,https://imgs.genshuixue.com/83608986_3mlxq5v3.png,1
9180982,第十三次 对称聚焦   立体模型,1,4,59253, 精品课程,,,1.0,2025-07-26 13:30,57,https://imgs.genshuixue.com/83608986_3mlxq5v3.png,1
9181057,第十四次  圆形磁场问题 双圆共弦,1,4,59253, 精品课程,,,,2025-07-27 17:45,91,https://imgs.genshuixue.com/83608986_3mlxq5v3.png,1
9181059,第十三 收尾速度  安培力冲量 ,1,4,59253, 精品课程,,,,2025-07-28 07:45,52,https://imgs.genshuixue.com/83608986_3mlxq5v3.png,1
9181060,第十三 收尾速度  安培力冲量 ,1,4,59253, 精品课程,,,,2025-07-28 19:35,79,https://imgs.genshuixue.com/83608986_3mlxq5v3.png,1
9181061,第十三   牛顿运动定律综合应用,1,4,59253, 精品课程,,,,2025-07-28 09:40,52,https://imgs.genshuixue.com/83608986_3mlxq5v3.png,1
9181063,第十四次 圆形磁场问题 双圆共弦,1,4,59253, 精品课程,,,1.0,2025-07-27 13:32,57,https://imgs.genshuixue.com/83608986_3mlxq5v3.png,1
9181196,第十五  洛伦兹力冲量,1,4,59253, 精品课程,,,,2025-07-28 17:45,91,https://imgs.genshuixue.com/83608986_3mlxq5v3.png,1
9181197,第十五 洛伦兹力冲量,1,4,59253, 精品课程,,,1.0,2025-07-28 13:30,57,https://imgs.genshuixue.com/83608986_3mlxq5v3.png,1
9181242,第十四 含原电路的电势差分析及电磁感应中的储能问题,1,4,59253, 精品课程,,,,2025-07-29 07:45,52,https://imgs.genshuixue.com/83608986_3mlxq5v3.png,1
9181243,第十四 含原电路的电势差分析及电磁感应中的储能问题,1,4,59253, 精品课程,,,1.0,2025-07-29 19:35,79,https://imgs.genshuixue.com/83608986_3mlxq5v3.png,1
9181244,第十四  弹簧的接触与分离问题  传送带,1,4,59253, 精品课程,,,,2025-07-29 09:40,52,https://imgs.genshuixue.com/83608986_3mlxq5v3.png,1
9181257,第十六力与直线运动,1,4,59253, 精品课程,,,1.0,2025-07-29 13:30,57,https://imgs.genshuixue.com/83608986_3mlxq5v3.png,1
9181258,第十六次 力与直线运动,1,4,59253, 精品课程,,,1.0,2025-07-29 17:45,91,https://imgs.genshuixue.com/83608986_3mlxq5v3.png,1
9181280,第十五 板块问题  曲线运动,1,4,59253, 精品课程,,,1.0,2025-07-30 09:40,61,https://imgs.genshuixue.com/83608986_3mlxq5v3.png,1
9181281,第十五次  储能问题 续    平动切割相对速度  单棒模型,1,4,59253, 精品课程,,,,2025-07-30 07:45,52,https://imgs.genshuixue.com/83608986_3mlxq5v3.png,1
9181282,第十五次  储能问题 续    平动切割相对速度  单棒模型,1,4,59253, 精品课程,,,,2025-07-30 19:35,79,https://imgs.genshuixue.com/83608986_3mlxq5v3.png,1
9181333,第十七次   力与曲线运动  ,1,4,59253, 精品课程,,,,2025-07-30 13:30,57,https://imgs.genshuixue.com/83608986_3mlxq5v3.png,1
9181334,第十七次  力与曲线运动,1,4,59253, 精品课程,,,,2025-07-30 17:45,91,https://imgs.genshuixue.com/83608986_3mlxq5v3.png,1
9181335,第十六次 旋转切割 电磁感应与电容,1,4,59253, 精品课程,,,,2025-07-31 07:45,52,https://imgs.genshuixue.com/83608986_3mlxq5v3.png,1
9181336,第十六次 旋转切割 电磁感应与电容,1,4,59253, 精品课程,,,,2025-07-31 19:35,79,https://imgs.genshuixue.com/83608986_3mlxq5v3.png,1
9181337,第十六次 平抛运动,1,4,59253, 精品课程,,,1.0,2025-07-31 09:40,60,https://imgs.genshuixue.com/83608986_3mlxq5v3.png,1
9181359,第一次 动量定理  动量守恒,1,4,59253, 精品课程,,,,2025-08-04 17:50,40,https://imgs.genshuixue.com/83608986_3mlxq5v3.png,1
9181371,第二次 动量守恒 刚体的转动,1,4,59253, 精品课程,,,1.0,2025-08-04 19:30,40,https://imgs.genshuixue.com/83608986_3mlxq5v3.png,1
9181377,第一次 微积分（一）,1,4,59253, 精品课程,,,1.0,2025-08-04 07:50,52,https://imgs.genshuixue.com/83608986_3mlxq5v3.png,1
9181383,第二次微积分（二）,1,4,59253, 精品课程,,,1.0,2025-08-04 09:30,52,https://imgs.genshuixue.com/83608986_3mlxq5v3.png,1
9181425,第十八次  万有引力   功和能,1,4,59253, 精品课程,,,,2025-07-31 13:30,57,https://imgs.genshuixue.com/83608986_3mlxq5v3.png,1
9181426,第十八次 万有引力 功和能,1,4,59253, 精品课程,,,1.0,2025-07-31 17:45,91,https://imgs.genshuixue.com/83608986_3mlxq5v3.png,1
9181427,第十七次 杭州卷分析  圆周运动一,1,4,59253, 精品课程,,,1.0,2025-08-01 09:40,59,https://imgs.genshuixue.com/83608986_3mlxq5v3.png,1
9181473,第十七  双棒模型,1,4,59253, 精品课程,,,,2025-08-01 07:45,52,https://imgs.genshuixue.com/83608986_3mlxq5v3.png,1
9181474,第十七  双棒模型,1,4,59253, 精品课程,,,,2025-08-01 19:35,79,https://imgs.genshuixue.com/83608986_3mlxq5v3.png,1
9181519,第十九  功和能续   电场,1,4,59253, 精品课程,,,,2025-08-01 13:30,57,https://imgs.genshuixue.com/83608986_3mlxq5v3.png,1
9181520,第十九次   功和能续   电场,1,4,59253, 精品课程,,,,2025-08-01 17:45,91,https://imgs.genshuixue.com/83608986_3mlxq5v3.png,1
9181521,第十八   圆周运动二  ,1,4,59253, 精品课程,,,1.0,2025-08-02 09:40,58,https://imgs.genshuixue.com/83608986_3mlxq5v3.png,1
9181701,第十八次 导体框 及简谐振动模型,1,4,59253, 精品课程,,,,2025-08-02 07:45,52,https://imgs.genshuixue.com/83608986_3mlxq5v3.png,1
9181702,第十八次 导体框 及简谐振动模型,1,4,59253, 精品课程,,,,2025-08-02 19:35,79,https://imgs.genshuixue.com/83608986_3mlxq5v3.png,1
9181743,第二十次  电场续 实验,1,4,59253, 精品课程,,,,2025-08-02 13:30,57,https://imgs.genshuixue.com/83608986_3mlxq5v3.png,1
9181744,第二十次  电场续 实验,1,4,59253, 精品课程,,,,2025-08-02 17:45,91,https://imgs.genshuixue.com/83608986_3mlxq5v3.png,1
9182430,第三次  刚体的转动,1,4,59253, 精品课程,,,,2025-08-05 17:50,40,https://imgs.genshuixue.com/83608986_3mlxq5v3.png,1
9182431,第四次 动量与能量,1,4,59253, 精品课程,,,,2025-08-05 19:30,40,https://imgs.genshuixue.com/83608986_3mlxq5v3.png,1
9182432,第三次 相对运动 物体的相关速度,1,4,59253, 精品课程,,,1.0,2025-08-05 07:50,50,https://imgs.genshuixue.com/83608986_3mlxq5v3.png,1
9182433,第四次 物体的相关速度 抛体运动,1,4,59253, 精品课程,,,1.0,2025-08-05 09:30,50,https://imgs.genshuixue.com/83608986_3mlxq5v3.png,1
9182436,第五次  圆周运动 ,1,4,59253, 精品课程,,,1.0,2025-08-06 07:50,50,https://imgs.genshuixue.com/83608986_3mlxq5v3.png,1
9182437,第六次 圆周运动续  三种性质的力,1,4,59253, 精品课程,,,1.0,2025-08-06 09:30,50,https://imgs.genshuixue.com/83608986_3mlxq5v3.png,1
9182490,第五次 静电场一,1,4,59253, 精品课程,,,,2025-08-06 17:50,40,https://imgs.genshuixue.com/83608986_3mlxq5v3.png,1
9182491,第六次静电场二,1,4,59253, 精品课程,,,,2025-08-06 19:35,40,https://imgs.genshuixue.com/83608986_3mlxq5v3.png,1
9182536,第七次  力矩平衡,1,4,59253, 精品课程,,,1.0,2025-08-07 07:50,50,https://imgs.genshuixue.com/83608986_3mlxq5v3.png,1
9182537,第八次  一般物体的平衡,1,4,59253, 精品课程,,,1.0,2025-08-07 09:30,50,https://imgs.genshuixue.com/83608986_3mlxq5v3.png,1
9182539,第一次课，牛顿运动定律难点突破,1,4,59253, 精品课程,,,,2025-09-13 19:35,38,https://imgs.genshuixue.com/83608986_3mlxq5v3.png,1
9182540,第一次牛顿运动定律难点突破,1,4,59253, 精品课程,,,1.0,2025-09-14 11:40,38,https://imgs.genshuixue.com/83608986_3mlxq5v3.png,1
9182541,第一次 电磁感应类导体框模型  简谐振动模型  续,1,4,59253, 精品课程,,,1.0,2025-08-24 07:45,50,https://imgs.genshuixue.com/83608986_3mlxq5v3.png,1
9182542,第一次 电磁感应类导体框模型 简谐振动模型 续,1,4,59253, 精品课程,,,,2025-08-23 21:15,36,https://imgs.genshuixue.com/83608986_3mlxq5v3.png,1
9182543,第一次机械振动 ,1,4,59253, 精品课程,,,1.0,2025-09-13 17:45,52,https://imgs.genshuixue.com/83608986_3mlxq5v3.png,1
9182544,第一次 机械振动,1,4,59253, 精品课程,,,,2025-09-14 09:35,32,https://imgs.genshuixue.com/83608986_3mlxq5v3.png,1
9182545,第一次  动量  动量定理,1,4,59253, 精品课程,,,,2025-09-14 15:10,16,https://imgs.genshuixue.com/83608986_3mlxq5v3.png,1
9182581,第七  电场三,1,4,59253, 精品课程,,,,2025-08-07 17:50,40,https://imgs.genshuixue.com/83608986_3mlxq5v3.png,1
9182582,第八次 恒定电流一,1,4,59253, 精品课程,,,,2025-08-07 19:30,40,https://imgs.genshuixue.com/83608986_3mlxq5v3.png,1
9182594,第九次 一般物体的平衡 续,1,4,59253, 精品课程,,,1.0,2025-08-08 07:50,51,https://imgs.genshuixue.com/83608986_3mlxq5v3.png,1
9182595,第十次  动力学一,1,4,59253, 精品课程,,,1.0,2025-08-08 09:30,50,https://imgs.genshuixue.com/83608986_3mlxq5v3.png,1
9182596,第九次 恒定电流二,1,4,59253, 精品课程,,,,2025-08-08 17:50,40,https://imgs.genshuixue.com/83608986_3mlxq5v3.png,1
9182597,第十次 磁场一,1,4,59253, 精品课程,,,,2025-08-08 19:30,40,https://imgs.genshuixue.com/83608986_3mlxq5v3.png,1
9182608,第一次 三种性质的力,1,5,59253, 精品课程,,,,2025-08-10 17:50,1,https://imgs.genshuixue.com/83608986_3mlxq5v3.png,1
9182747,第十一 惯性系和非惯性系,1,4,59253, 精品课程,,,1.0,2025-08-09 07:50,50,https://imgs.genshuixue.com/83608986_3mlxq5v3.png,1
9182748,第十二次  力与曲线运动,1,4,59253, 精品课程,,,1.0,2025-08-09 09:30,50,https://imgs.genshuixue.com/83608986_3mlxq5v3.png,1
9182749,第十一  磁场续 电磁感应一,1,4,59253, 精品课程,,,,2025-08-09 17:50,40,https://imgs.genshuixue.com/83608986_3mlxq5v3.png,1
9182750,第十二  电磁感应  ,1,4,59253, 精品课程,,,,2025-08-09 19:30,40,https://imgs.genshuixue.com/83608986_3mlxq5v3.png,1
9184025,电磁感应一,1,4,59253, 精品课程,,,,2025-08-23 18:30,,https://imgs.genshuixue.com/83608986_3mlxq5v3.png,1
9185160,第二次电磁感应实际应用模型 力的三大观点解决问题,1,4,59253, 精品课程,,,,2025-08-30 21:15,36,https://imgs.genshuixue.com/83608986_3mlxq5v3.png,1
9185161,第二次电磁感应实际应用模型 力的三大观点解决问题,1,4,59253, 精品课程,,,1.0,2025-08-31 07:45,49,https://imgs.genshuixue.com/83608986_3mlxq5v3.png,1
9185171,电磁感应复习三,1,4,59253, 精品课程,,,,2025-08-31 10:20,,https://imgs.genshuixue.com/83608986_3mlxq5v3.png,1
9186412,第三次  力的三大观点解决问题,1,4,59253, 精品课程,,,1.0,2025-09-05 21:15,36,https://imgs.genshuixue.com/83608986_3mlxq5v3.png,1
9186413,第三次  力的三大观点解决问题,1,4,59253, 精品课程,,,1.0,2025-09-06 07:45,49,https://imgs.genshuixue.com/83608986_3mlxq5v3.png,1
9187369,第四次光学,1,4,59253, 精品课程,,,,2025-09-13 21:15,36,https://imgs.genshuixue.com/83608986_3mlxq5v3.png,1
9187370,第四次课  光学,1,4,59253, 精品课程,,,,2025-09-14 07:45,48,https://imgs.genshuixue.com/83608986_3mlxq5v3.png,1
9187772,第二次动量守恒,1,4,59253, 精品课程,,,,2025-09-21 15:10,16,https://imgs.genshuixue.com/83608986_3mlxq5v3.png,1
9187773,第二次 简谐振动 力学综合  共振  单摆,1,4,59253, 精品课程,,,,2025-09-21 09:35,32,https://imgs.genshuixue.com/83608986_3mlxq5v3.png,1
9187774,第二次 简谐振动 力学综合  共振  单摆,1,4,59253, 精品课程,,,,2025-09-20 17:45,51,https://imgs.genshuixue.com/83608986_3mlxq5v3.png,1
9187775,第二次 板块模型续  整体隔离法 接触与分离,1,4,59253, 精品课程,,,1.0,2025-09-21 11:40,38,https://imgs.genshuixue.com/83608986_3mlxq5v3.png,1
9187776,第二次 板块模型续  整体隔离法 接触与分离,1,4,59253, 精品课程,,,,2025-09-20 19:35,38,https://imgs.genshuixue.com/83608986_3mlxq5v3.png,1
9187777,第五次 近代物理,1,4,59253, 精品课程,,,,2025-09-20 21:15,36,https://imgs.genshuixue.com/83608986_3mlxq5v3.png,1
9187780,第五次近代物理,1,4,59253, 精品课程,,,1.0,2025-09-21 07:45,49,https://imgs.genshuixue.com/83608986_3mlxq5v3.png,1
9188257,第三次 子弹穿木块模型  力的三大观点解决问题,1,4,59253, 精品课程,,,,2025-09-27 15:10,16,https://imgs.genshuixue.com/83608986_3mlxq5v3.png,1
9188258,第三次机械波 ,1,4,59253, 精品课程,,,,2025-09-27 09:35,32,https://imgs.genshuixue.com/83608986_3mlxq5v3.png,1
9188259,第三次 机械波,1,4,59253, 精品课程,,,,2025-09-26 17:45,51,https://imgs.genshuixue.com/83608986_3mlxq5v3.png,1
9188260,第六次 简谐振动  机械波一,1,4,59253, 精品课程,,,,2025-09-26 21:15,36,https://imgs.genshuixue.com/83608986_3mlxq5v3.png,1
9188261,第六次  简谐振动  机械波一,1,4,59253, 精品课程,,,,2025-09-27 07:45,48,https://imgs.genshuixue.com/83608986_3mlxq5v3.png,1
9188262,第三次  传送带模型,1,4,59253, 精品课程,,,,2025-09-27 11:40,37,https://imgs.genshuixue.com/83608986_3mlxq5v3.png,1
9188263,第三次传送带模型,1,4,59253, 精品课程,,,,2025-09-26 19:35,38,https://imgs.genshuixue.com/83608986_3mlxq5v3.png,1
9188513,第四次  动量守恒续   力的三大观点解决问题,1,4,59253, 精品课程,,,,2025-10-01 15:10,16,https://imgs.genshuixue.com/83608986_3mlxq5v3.png,1
9188514,第五次  牛顿运动定律难点突破  板块问题,1,4,59253, 精品课程,,,,2025-10-02 15:10,16,https://imgs.genshuixue.com/83608986_3mlxq5v3.png,1
9188515,第四次  机械波续  光学一,1,4,59253, 精品课程,,,,2025-10-01 09:35,32,https://imgs.genshuixue.com/83608986_3mlxq5v3.png,1
9188516,第五次 光学二,1,4,59253, 精品课程,,,,2025-10-02 09:35,32,https://imgs.genshuixue.com/83608986_3mlxq5v3.png,1
9188517,第七次  机械波  电磁波,1,4,59253, 精品课程,,,,2025-09-30 21:15,36,https://imgs.genshuixue.com/83608986_3mlxq5v3.png,1
9188518,第八次 动量,1,4,59253, 精品课程,,,,2025-10-01 21:15,36,https://imgs.genshuixue.com/83608986_3mlxq5v3.png,1
9188519,第七次 机械波 电磁波,1,4,59253, 精品课程,,,,2025-10-01 07:45,48,https://imgs.genshuixue.com/83608986_3mlxq5v3.png,1
9188520,第八次 动量 ,1,4,59253, 精品课程,,,,2025-10-02 07:45,48,https://imgs.genshuixue.com/83608986_3mlxq5v3.png,1
9188521,第四次 直线运动复习,1,4,59253, 精品课程,,,,2025-10-01 11:40,37,https://imgs.genshuixue.com/83608986_3mlxq5v3.png,1
9188522,第五次 曲线运动 平抛运动,1,4,59253, 精品课程,,,,2025-10-02 11:40,37,https://imgs.genshuixue.com/83608986_3mlxq5v3.png,1
9188523,第四次直线运动,1,4,59253, 精品课程,,,,2025-09-30 19:35,38,https://imgs.genshuixue.com/83608986_3mlxq5v3.png,1
9188524,第五次  曲线运动 平抛运动,1,4,59253, 精品课程,,,,2025-10-01 19:35,38,https://imgs.genshuixue.com/83608986_3mlxq5v3.png,1
9188525,第四次 机械波续  光学一,1,4,59253, 精品课程,,,,2025-09-30 17:45,51,https://imgs.genshuixue.com/83608986_3mlxq5v3.png,1
9188526,第五次 光学二,1,4,59253, 精品课程,,,,2025-10-01 17:45,51,https://imgs.genshuixue.com/83608986_3mlxq5v3.png,1
9188816,第六次 板块问题续 整体隔离 接触与分离问题,1,4,59253, 精品课程,,,,2025-10-08 15:10,16,https://imgs.genshuixue.com/83608986_3mlxq5v3.png,1
9189030,第六次  电磁感应与简谐振动,1,4,59253, 精品课程,,,,2025-10-12 09:35,32,https://imgs.genshuixue.com/83608986_3mlxq5v3.png,1
9189031,第六次  电磁感应与简谐振动,1,4,59253, 精品课程,,,,2025-10-11 17:45,51,https://imgs.genshuixue.com/83608986_3mlxq5v3.png,1
9189032,第六次 相互作用章末复习一,1,4,59253, 精品课程,,,,2025-10-12 11:40,37,https://imgs.genshuixue.com/83608986_3mlxq5v3.png,1
9189034,第六次 相互作用章末复习一,1,4,59253, 精品课程,,,,2025-10-11 19:35,38,https://imgs.genshuixue.com/83608986_3mlxq5v3.png,1
9189036,第九次 交流电与电磁感应相关题型,1,4,59253, 精品课程,,,,2025-10-11 21:15,36,https://imgs.genshuixue.com/83608986_3mlxq5v3.png,1
9189037,第九次 交流电与电磁感应相关题型,1,4,59253, 精品课程,,,,2025-10-12 07:45,48,https://imgs.genshuixue.com/83608986_3mlxq5v3.png,1
9189374,第一次 相互作用核心考点复习,1,4,59253, 精品课程,,,1.0,2025-10-19 13:10,57,https://imgs.genshuixue.com/83608986_3mlxq5v3.png,1
9189375,第七次 电磁感应复习二,1,4,59253, 精品课程,,,,2025-10-19 09:35,34,https://imgs.genshuixue.com/83608986_3mlxq5v3.png,1
9189376,第七次 电磁感应复习二,1,4,59253, 精品课程,,,,2025-10-18 17:45,51,https://imgs.genshuixue.com/83608986_3mlxq5v3.png,1
9189377,第十次 直流电与电磁感应感应相关题型,1,4,59253, 精品课程,,,,2025-10-18 21:15,36,https://imgs.genshuixue.com/83608986_3mlxq5v3.png,1
9189378,第十次 直流电与电磁感应相关题型,1,4,59253, 精品课程,,,,2025-10-19 07:45,48,https://imgs.genshuixue.com/83608986_3mlxq5v3.png,1
9189379,第七次 相互作用二,1,4,59253, 精品课程,,,,2025-10-19 11:40,37,https://imgs.genshuixue.com/83608986_3mlxq5v3.png,1
9189380,第七次相互作用二,1,4,59253, 精品课程,,,,2025-10-18 19:35,38,https://imgs.genshuixue.com/83608986_3mlxq5v3.png,1
9189953,第二次 相互作用续      物理思想方法   直线运动,1,4,59253, 精品课程,,,,2025-10-26 13:30,51,https://imgs.genshuixue.com/83608986_3mlxq5v3.png,1
9189954,第八次 动量,1,4,59253, 精品课程,,,1.0,2025-10-26 09:35,33,https://imgs.genshuixue.com/83608986_3mlxq5v3.png,1
9189955,第十一次 电学实验,1,4,59253, 精品课程,,,,2025-10-26 07:45,48,https://imgs.genshuixue.com/83608986_3mlxq5v3.png,1
9189957,第八次  必修一前三章补充复习,1,4,59253, 精品课程,,,,2025-10-25 19:35,38,https://imgs.genshuixue.com/83608986_3mlxq5v3.png,1
9189958,第八次 动量,1,4,59253, 精品课程,,,,2025-10-25 17:45,51,https://imgs.genshuixue.com/83608986_3mlxq5v3.png,1
9189959,第八次 必修一前三章复习,1,4,59253, 精品课程,,,,2025-10-26 11:40,37,https://imgs.genshuixue.com/83608986_3mlxq5v3.png,1
9189963,第十一次课 电学实验,1,4,59253, 精品课程,,,,2025-10-25 21:15,36,https://imgs.genshuixue.com/83608986_3mlxq5v3.png,1
9190364,第三次 牛顿运动定律一  ,1,4,59253, 精品课程,,,,2025-11-02 13:30,51,https://imgs.genshuixue.com/83608986_3mlxq5v3.png,1
9190365,第九次 电磁波  交流电与电磁感应,1,4,59253, 精品课程,,,,2025-11-02 09:35,32,https://imgs.genshuixue.com/83608986_3mlxq5v3.png,1
9190366,第九次  电磁波 交流电与电磁感应,1,4,59253, 精品课程,,,,2025-11-01 17:45,51,https://imgs.genshuixue.com/83608986_3mlxq5v3.png,1
9190367,第十二 电场 ,1,4,59253, 精品课程,,,,2025-11-01 21:15,36,https://imgs.genshuixue.com/83608986_3mlxq5v3.png,1
9190368,第十二 电场,1,4,59253, 精品课程,,,,2025-11-02 07:45,48,https://imgs.genshuixue.com/83608986_3mlxq5v3.png,1
9190369,第九   物理思想方法 牛顿运动定律 加速度与力 与质量的关系,1,4,59253, 精品课程,,,,2025-11-02 11:40,37,https://imgs.genshuixue.com/83608986_3mlxq5v3.png,1
9190370,第九 物理思想方法 牛顿运动定律 加速度与力 与质量的关系,1,4,59253, 精品课程,,,,2025-11-01 19:35,38,https://imgs.genshuixue.com/83608986_3mlxq5v3.png,1
9190801,第四次 牛顿运动定律复习二传送带、板块问题,1,4,59253, 精品课程,,,,2025-11-09 13:30,51,https://imgs.genshuixue.com/83608986_3mlxq5v3.png,1
9190802,第十次 振动和波 光学期中复习,1,4,59253, 精品课程,,,,2025-11-09 09:35,32,https://imgs.genshuixue.com/83608986_3mlxq5v3.png,1
9190803,第十次 振动和波 光学期中复习,1,4,59253, 精品课程,,,,2025-11-08 17:45,51,https://imgs.genshuixue.com/83608986_3mlxq5v3.png,1
9190804,第十三次  力与直线运动,1,4,59253, 精品课程,,,,2025-11-08 21:15,36,https://imgs.genshuixue.com/83608986_3mlxq5v3.png,1
9190805,第十三次 力与直线运动,1,4,59253, 精品课程,,,,2025-11-09 07:45,48,https://imgs.genshuixue.com/83608986_3mlxq5v3.png,1
9190806,第十次 期中复习 整体隔离法 板块传送带,1,4,59253, 精品课程,,,,2025-11-09 11:40,37,https://imgs.genshuixue.com/83608986_3mlxq5v3.png,1
9190807,第十次 期中复习 整体隔离法 板块传送带,1,4,59253, 精品课程,,,,2025-11-08 19:35,38,https://imgs.genshuixue.com/83608986_3mlxq5v3.png,1
9191203,第一次  动能定理计算,1,4,59253, 精品课程,,,,2025-11-16 13:30,17,https://imgs.genshuixue.com/83608986_3mlxq5v3.png,1
9191204,第十一次抛体运动二,1,4,59253, 精品课程,,,,2025-11-15 19:35,38,https://imgs.genshuixue.com/83608986_3mlxq5v3.png,1
9191205,第十一次 抛体运动二,1,4,59253, 精品课程,,,,2025-11-16 11:40,37,https://imgs.genshuixue.com/83608986_3mlxq5v3.png,1
9191206,第十一次热学一,1,4,59253, 精品课程,,,1.0,2025-11-16 09:35,33,https://imgs.genshuixue.com/83608986_3mlxq5v3.png,1
9191207,第十一次 热学一,1,4,59253, 精品课程,,,1.0,2025-11-15 17:45,52,https://imgs.genshuixue.com/83608986_3mlxq5v3.png,1
9191208,第十四次  力与曲线运动,1,4,59253, 精品课程,,,,2025-11-16 07:45,48,https://imgs.genshuixue.com/83608986_3mlxq5v3.png,1
9191209,第十四次 力与曲线运动,1,4,59253, 精品课程,,,,2025-11-15 21:15,36,https://imgs.genshuixue.com/83608986_3mlxq5v3.png,1
9191210,第十一次  曲线运动 抛体运动,1,4,59253, 精品课程,,,,2025-11-16 15:10,16,https://imgs.genshuixue.com/83608986_3mlxq5v3.png,1
9191781,第二次 功和能续  静电场,1,4,59253, 精品课程,,,,2025-11-23 13:30,17,https://imgs.genshuixue.com/83608986_3mlxq5v3.png,1
9191782,第十二次  圆周运动一  ,1,4,59253, 精品课程,,,1.0,2025-11-23 11:40,39,https://imgs.genshuixue.com/83608986_3mlxq5v3.png,1
9191783,第十二次 圆周运动一 ,1,4,59253, 精品课程,,,,2025-11-22 19:35,38,https://imgs.genshuixue.com/83608986_3mlxq5v3.png,1
9191784,第十二次  抛体运动续 圆周运动一 ,1,4,59253, 精品课程,,,,2025-11-23 15:10,16,https://imgs.genshuixue.com/83608986_3mlxq5v3.png,1
9191785,第十二  热学二,1,4,59253, 精品课程,,,,2025-11-22 17:45,51,https://imgs.genshuixue.com/83608986_3mlxq5v3.png,1
9191786,第十二次  热学二,1,4,59253, 精品课程,,,,2025-11-23 09:35,32,https://imgs.genshuixue.com/83608986_3mlxq5v3.png,1
9191787,第十五次 万有引力,1,4,59253, 精品课程,,,,2025-11-23 07:45,48,https://imgs.genshuixue.com/83608986_3mlxq5v3.png,1
9191788,第十五次  万有引力,1,4,59253, 精品课程,,,,2025-11-22 21:15,36,https://imgs.genshuixue.com/83608986_3mlxq5v3.png,1
9192005,第三次  静电场续   恒定电流,1,4,59253, 精品课程,,,,2025-11-30 13:30,17,https://imgs.genshuixue.com/83608986_3mlxq5v3.png,1
9192006,第十三次  圆周运动 续,1,4,59253, 精品课程,,,,2025-11-30 15:10,16,https://imgs.genshuixue.com/83608986_3mlxq5v3.png,1
9192007,第十三次 热学三,1,4,59253, 精品课程,,,,2025-11-30 09:35,32,https://imgs.genshuixue.com/83608986_3mlxq5v3.png,1
9192008,第十三次 热学三,1,4,59253, 精品课程,,,1.0,2025-11-29 17:45,52,https://imgs.genshuixue.com/83608986_3mlxq5v3.png,1
9192009,第十六 功和能,1,4,59253, 精品课程,,,,2025-11-29 21:15,36,https://imgs.genshuixue.com/83608986_3mlxq5v3.png,1
9192010,第十六  功和能,1,4,59253, 精品课程,,,,2025-11-30 07:45,48,https://imgs.genshuixue.com/83608986_3mlxq5v3.png,1
9192011,第十三次圆周运动二,1,4,59253, 精品课程,,,1.0,2025-11-30 11:40,38,https://imgs.genshuixue.com/83608986_3mlxq5v3.png,1
9192012,第十四 圆周运动二,1,4,59253, 精品课程,,,,2025-11-29 19:35,38,https://imgs.genshuixue.com/83608986_3mlxq5v3.png,1
9192273,第四 恒电电流续  磁场 电磁感应初步,1,4,59253, 精品课程,,,,2025-12-07 13:30,17,https://imgs.genshuixue.com/83608986_3mlxq5v3.png,1
9192274,第十四  次 万有引力一,1,4,59253, 精品课程,,,1.0,2025-12-07 11:40,39,https://imgs.genshuixue.com/83608986_3mlxq5v3.png,1
9192275,第十四 热学四,1,4,59253, 精品课程,,,,2025-12-07 09:35,32,https://imgs.genshuixue.com/83608986_3mlxq5v3.png,1
9192276,第十四 热学四,1,4,59253, 精品课程,,,1.0,2025-12-06 17:45,52,https://imgs.genshuixue.com/83608986_3mlxq5v3.png,1
9192277,第十七带电粒子在电磁场的运动,1,4,59253, 精品课程,,,1.0,2025-12-06 21:15,37,https://imgs.genshuixue.com/83608986_3mlxq5v3.png,1
9192278,第十七 带电粒子在电磁场的运动,1,4,59253, 精品课程,,,,2025-12-07 07:45,48,https://imgs.genshuixue.com/83608986_3mlxq5v3.png,1
9192279,第十四 万有引力一,1,4,59253, 精品课程,,,1.0,2025-12-06 19:35,46,https://imgs.genshuixue.com/83608986_3mlxq5v3.png,1
9192495,第五次 实验复习续    ,1,4,59253, 精品课程,,,,2025-12-14 13:30,17,https://imgs.genshuixue.com/83608986_3mlxq5v3.png,1
9192496,第十五次 万有引力二,1,4,59253, 精品课程,,,1.0,2025-12-14 15:10,17,https://imgs.genshuixue.com/83608986_3mlxq5v3.png,1
9192497,第十五 力的三大观点解决问题一 （功和能计算）,1,4,59253, 精品课程,,,1.0,2025-12-14 09:35,33,https://imgs.genshuixue.com/83608986_3mlxq5v3.png,1
9192498,第十五 力的三大观点解决问题一 （功和能计算）,1,4,59253, 精品课程,,,1.0,2025-12-13 17:45,52,https://imgs.genshuixue.com/83608986_3mlxq5v3.png,1
9192499,第十八  带电粒子在磁场中的运动经典模型总结,1,4,59253, 精品课程,,,,2025-12-13 21:15,36,https://imgs.genshuixue.com/83608986_3mlxq5v3.png,1
9192500,第十八 带电粒子在磁场中的运动经典模型总结,1,4,59253, 精品课程,,,,2025-12-14 07:45,48,https://imgs.genshuixue.com/83608986_3mlxq5v3.png,1
9192501,第十五  万有引力二,1,4,59253, 精品课程,,,1.0,2025-12-13 19:35,39,https://imgs.genshuixue.com/83608986_3mlxq5v3.png,1
9192502,第十五  万有引力二,1,4,59253, 精品课程,,,,2025-12-14 11:40,37,https://imgs.genshuixue.com/83608986_3mlxq5v3.png,1
9192677,第十六次 功和功率,1,4,59253, 精品课程,,,1.0,2025-12-20 19:35,50,https://imgs.genshuixue.com/83608986_3mlxq5v3.png,1
9192745,第六次 物理思想 直线运动相互作用  牛二,1,4,59253, 精品课程,,,,2025-12-21 13:30,17,https://imgs.genshuixue.com/83608986_3mlxq5v3.png,1
9192746,第十六次 功和能二,1,4,59253, 精品课程,,,1.0,2025-12-21 15:10,32,https://imgs.genshuixue.com/83608986_3mlxq5v3.png,1
9192747,第十六次功和能计算二,1,4,59253, 精品课程,,,1.0,2025-12-20 17:45,52,https://imgs.genshuixue.com/83608986_3mlxq5v3.png,1
9192749,第十六次功和功率,1,4,59253, 精品课程,,,,2025-12-21 11:40,37,https://imgs.genshuixue.com/83608986_3mlxq5v3.png,1
9192969,考前冲刺一,1,4,59253, 精品课程,,,,2025-12-28 07:50,95,https://imgs.genshuixue.com/83608986_3mlxq5v3.png,1
9192970,考前冲刺二,1,4,59253, 精品课程,,,,2025-12-28 09:30,95,https://imgs.genshuixue.com/83608986_3mlxq5v3.png,1
9192977,第七次 曲线运动   万有引力,1,4,59253, 精品课程,,,,2025-12-28 13:30,17,https://imgs.genshuixue.com/83608986_3mlxq5v3.png,1
9192978,第十七次  电学实验,1,4,59253, 精品课程,,,1.0,2025-12-27 17:45,63,https://imgs.genshuixue.com/83608986_3mlxq5v3.png,1
9192979,第十七  重力势能  弹性势能  动能定理,1,4,59253, 精品课程,,,1.0,2025-12-28 11:40,47,https://imgs.genshuixue.com/83608986_3mlxq5v3.png,1
9192980,第十七  重力势能  弹性势能 动能定理,1,4,59253, 精品课程,,,1.0,2025-12-27 19:35,39,https://imgs.genshuixue.com/83608986_3mlxq5v3.png,1
9192998,p46 再分析,1,4,59253, 精品课程,,,1.0,2025-12-28 16:58,95,https://imgs.genshuixue.com/83608986_3mlxq5v3.png,1
9193101,第一次  曲线运动与抛体运动 圆周运动一,1,4,59253, 精品课程,,,,2026-01-05 13:30,50,https://imgs.genshuixue.com/83608986_3mlxq5v3.png,1
9193104,第十八次 磁场复习  配速法 安培力冲量,1,4,59253, 精品课程,,,1.0,2026-01-06 09:35,34,https://imgs.genshuixue.com/83608986_3mlxq5v3.png,1
9193105,第十八次 磁场复习  配速法 安培力冲量,1,4,59253, 精品课程,,,,2026-01-05 17:45,51,https://imgs.genshuixue.com/83608986_3mlxq5v3.png,1
9193106,第十八 期末复习  力与运动,1,4,59253, 精品课程,,,1.0,2026-01-06 11:40,38,https://imgs.genshuixue.com/83608986_3mlxq5v3.png,1
9193107,第十八 力与运动,1,4,59253, 精品课程,,,,2026-01-05 19:35,38,https://imgs.genshuixue.com/83608986_3mlxq5v3.png,1
9193144,第十八次  电学实验,1,4,59253, 精品课程,,,,2026-01-07 09:35,32,https://imgs.genshuixue.com/83608986_3mlxq5v3.png,1
9193145,第十九 力与运动续   动能定理综合计算,1,4,59253, 精品课程,,,,2026-01-06 19:35,38,https://imgs.genshuixue.com/83608986_3mlxq5v3.png,1
9193146,第十九次   力与运动   动能定理综合计算,1,4,59253, 精品课程,,,1.0,2026-01-07 11:40,37,https://imgs.genshuixue.com/83608986_3mlxq5v3.png,1
9193158,第二次圆周运动  功和功率  动能定理一,1,4,59253, 精品课程,,,,2026-01-06 13:30,50,https://imgs.genshuixue.com/83608986_3mlxq5v3.png,1
9193160,第三次动能定理续   力与运动  ,1,4,59253, 精品课程,,,,2026-01-07 13:30,50,https://imgs.genshuixue.com/83608986_3mlxq5v3.png,1
9193190,第十八和第十九次更正,1,4,59253, 精品课程,,,1.0,2026-01-07 17:03,38,https://imgs.genshuixue.com/83608986_3mlxq5v3.png,1
9193191,第十八和第十九次更正,1,4,59253, 精品课程,,,1.0,2026-01-07 17:08,37,https://imgs.genshuixue.com/83608986_3mlxq5v3.png,1
9194389,第十九  电磁感应期末复习,1,4,59253, 精品课程,,,1.0,2026-01-17 17:45,52,https://imgs.genshuixue.com/83608986_3mlxq5v3.png,1
9194390,第十九  电磁感应期末复习,1,4,59253, 精品课程,,,1.0,2026-01-18 09:35,39,https://imgs.genshuixue.com/83608986_3mlxq5v3.png,1
9195502,第一次    机械能守恒及功能关系,1,4,59253, 精品课程,,,,2026-01-31 19:35,45,https://imgs.genshuixue.com/83608986_3mlxq5v3.png,1
9195503,第一次  机械能守恒及功能关系,1,4,59253, 精品课程,,,,2026-02-01 11:40,48,https://imgs.genshuixue.com/83608986_3mlxq5v3.png,1
9195504,第一次课 力与直线运动,1,4,59253, 精品课程,,,1.0,2026-01-31 17:45,51,https://imgs.genshuixue.com/83608986_3mlxq5v3.png,1
9195509,第一次 力与直线运动,1,4,59253, 精品课程,,,1.0,2026-02-01 09:35,45,https://imgs.genshuixue.com/83608986_3mlxq5v3.png,1
9196097,第二次 力与直线运动续   相互作用核心考点,1,4,59253, 精品课程,,,,2026-02-08 09:35,44,https://imgs.genshuixue.com/83608986_3mlxq5v3.png,1
9196098,第二次 力与直线运动续 相互作用核心考点,1,4,59253, 精品课程,,,1.0,2026-02-07 17:45,51,https://imgs.genshuixue.com/83608986_3mlxq5v3.png,1
9196181,第二次 电荷和库仑定律    ,1,4,59253, 精品课程,,,1.0,2026-02-12 11:40,54,https://imgs.genshuixue.com/83608986_3mlxq5v3.png,1
9196199,第二次 电荷和库仑定律 电场,1,4,59253, 精品课程,,,,2026-02-11 19:35,45,https://imgs.genshuixue.com/83608986_3mlxq5v3.png,1
9196206,第三次相互作用续  ,1,4,59253, 精品课程,,,,2026-02-13 09:35,44,https://imgs.genshuixue.com/83608986_3mlxq5v3.png,1
9196207,第三次相互作用续  ,1,4,59253, 精品课程,,,,2026-02-12 17:45,51,https://imgs.genshuixue.com/83608986_3mlxq5v3.png,1
9196208,第三次 电场,1,4,59253, 精品课程,,,1.0,2026-02-13 11:40,50,https://imgs.genshuixue.com/83608986_3mlxq5v3.png,1
9196209,第三次电场,1,4,59253, 精品课程,,,,2026-02-12 19:35,45,https://imgs.genshuixue.com/83608986_3mlxq5v3.png,1
9196216,第三次牛顿运动定律一,1,4,59253, 精品课程,,,1.0,2026-02-14 09:35,45,https://imgs.genshuixue.com/83608986_3mlxq5v3.png,1
9196217,第四次  牛顿运动定律一,1,4,59253, 精品课程,,,,2026-02-13 17:45,51,https://imgs.genshuixue.com/83608986_3mlxq5v3.png,1
9196218,第四次  电势和电势能 电势差,1,4,59253, 精品课程,,,,2026-02-14 11:40,48,https://imgs.genshuixue.com/83608986_3mlxq5v3.png,1
9196219,第四  电势和电势能,1,4,59253, 精品课程,,,,2026-02-13 19:35,45,https://imgs.genshuixue.com/83608986_3mlxq5v3.png,1
9196245,第一次 运动学 ,1,4,59253, 精品课程,,,,2026-02-15 18:00,20,https://imgs.genshuixue.com/83608986_3mlxq5v3.png,1
9196246,第二次 运动学续  静力学一,1,4,59253, 精品课程,,,,2026-02-15 19:40,20,https://imgs.genshuixue.com/83608986_3mlxq5v3.png,1
9196250,第五次 牛顿运动定律二,1,4,59253, 精品课程,,,,2026-02-15 09:35,44,https://imgs.genshuixue.com/83608986_3mlxq5v3.png,1
9196251,第五次 牛顿运动定律二,1,4,59253, 精品课程,,,,2026-02-14 17:45,51,https://imgs.genshuixue.com/83608986_3mlxq5v3.png,1
9196252,第五次 电场线 等势面的应用    电势差与电场强度的关系,1,4,59253, 精品课程,,,,2026-02-15 11:40,48,https://imgs.genshuixue.com/83608986_3mlxq5v3.png,1
9196253,第五次 电场线 等势面的应用    电势差与电场强度的关系,1,4,59253, 精品课程,,,,2026-02-14 19:35,45,https://imgs.genshuixue.com/83608986_3mlxq5v3.png,1
9196257,第三次  静力学续  力与直线运动,1,4,59253, 精品课程,,,,2026-02-16 08:00,20,https://imgs.genshuixue.com/83608986_3mlxq5v3.png,1
9196258,第四次  力与曲线运动  万有引力,1,4,59253, 精品课程,,,,2026-02-16 09:10,20,https://imgs.genshuixue.com/83608986_3mlxq5v3.png,1
9196261,第五次  功和功率  动量和角动量,1,4,59253, 精品课程,,,,2026-02-18 13:30,20,https://imgs.genshuixue.com/83608986_3mlxq5v3.png,1
9196262,第六次 角动量续   能量与动量,1,4,59253, 精品课程,,,,2026-02-18 15:10,20,https://imgs.genshuixue.com/83608986_3mlxq5v3.png,1
9196270,第七次 机械振动  机械波  电场一,1,4,59253, 精品课程,,,1.0,2026-02-19 13:30,21,https://imgs.genshuixue.com/83608986_3mlxq5v3.png,1
9196271,第八次  电场续,1,4,59253, 精品课程,,,1.0,2026-02-19 15:10,21,https://imgs.genshuixue.com/83608986_3mlxq5v3.png,1
9196278,第十次 磁场,1,4,59253, 精品课程,,,1.0,2026-02-20 15:10,20,https://imgs.genshuixue.com/83608986_3mlxq5v3.png,1
9196281,第九次  电场 续 恒定电流,1,4,59253, 精品课程,,,,2026-02-20 13:30,20,https://imgs.genshuixue.com/83608986_3mlxq5v3.png,1
9196291,第十一  电磁感应,1,4,59253, 精品课程,,,,2026-02-21 13:30,20,https://imgs.genshuixue.com/83608986_3mlxq5v3.png,1
9196292,第十二   热学,1,4,59253, 精品课程,,,,2026-02-21 15:10,20,https://imgs.genshuixue.com/83608986_3mlxq5v3.png,1
9196302,第一次 近代物理,1,4,59253, 精品课程,,,,2026-02-23 07:45,37,https://imgs.genshuixue.com/83608986_3mlxq5v3.png,1
9196349,第十三   光学  ,1,4,59253, 精品课程,,,,2026-02-22 13:30,20,https://imgs.genshuixue.com/83608986_3mlxq5v3.png,1
9196350,第十四   近代物理  相对论  积分,1,4,59253, 精品课程,,,,2026-02-22 15:10,20,https://imgs.genshuixue.com/83608986_3mlxq5v3.png,1
9196351,第六次  静电场 图像 问题    静电的防止与应用,1,4,59253, 精品课程,,,,2026-02-23 11:40,48,https://imgs.genshuixue.com/83608986_3mlxq5v3.png,1
9196352,第六次 静电场 图像 问题 静电的防止与应用,1,4,59253, 精品课程,,,,2026-02-23 19:35,45,https://imgs.genshuixue.com/83608986_3mlxq5v3.png,1
9196353,第六次  牛顿运动定律续   抛体运动,1,4,59253, 精品课程,,,1.0,2026-02-23 09:35,45,https://imgs.genshuixue.com/83608986_3mlxq5v3.png,1
9196354, 第六次 牛顿运动定律续  抛体运动,1,4,59253, 精品课程,,,,2026-02-23 17:45,51,https://imgs.genshuixue.com/83608986_3mlxq5v3.png,1
9196429,第七次 抛体运动续 圆周运动一 ,1,4,59253, 精品课程,,,1.0,2026-02-24 09:35,45,https://imgs.genshuixue.com/83608986_3mlxq5v3.png,1
9196430,第七次 抛体运动续 圆周运动一 ,1,4,59253, 精品课程,,,,2026-02-24 17:45,51,https://imgs.genshuixue.com/83608986_3mlxq5v3.png,1
9196431,第七次  静电现象续   电容器,1,4,59253, 精品课程,,,,2026-02-24 11:40,48,https://imgs.genshuixue.com/83608986_3mlxq5v3.png,1
9196432,第七次  静电现象续   电容器,1,4,59253, 精品课程,,,,2026-02-24 19:35,45,https://imgs.genshuixue.com/83608986_3mlxq5v3.png,1
9198548,第一次 圆周运动续,1,4,59253, 精品课程,,,,2026-03-07 17:45,53,https://imgs.genshuixue.com/83608986_3mlxq5v3.png,1
9198552,第一次圆周运动续,1,4,59253, 精品课程,,,,2026-03-08 09:35,38,https://imgs.genshuixue.com/83608986_3mlxq5v3.png,1
9198568,第一次电容器 带电粒子在电场中的运动（一）,1,4,59253, 精品课程,,,,2026-03-07 19:35,46,https://imgs.genshuixue.com/83608986_3mlxq5v3.png,1
9198569,第一次电容器 带电粒子在电场中的运动（一）,1,4,59253, 精品课程,,,1.0,2026-03-08 11:40,37,https://imgs.genshuixue.com/83608986_3mlxq5v3.png,1
9198570,第二次  光学,1,4,59253, 精品课程,,,,2026-03-08 07:45,37,https://imgs.genshuixue.com/83608986_3mlxq5v3.png,1
9198571,第一次 重力   弹力 ,1,4,59253, 精品课程,,,,2026-03-08 13:20,7,https://imgs.genshuixue.com/83608986_3mlxq5v3.png,1
9198838,第二次 摩擦力  力的合成与分解一,1,4,59253, 精品课程,,,,2026-03-15 13:20,7,https://imgs.genshuixue.com/83608986_3mlxq5v3.png,1
9198846,第二次带电粒子的偏转,1,4,59253, 精品课程,,,1.0,2026-03-15 11:40,37,https://imgs.genshuixue.com/83608986_3mlxq5v3.png,1
9198847,第二次带电粒子的偏转,1,4,59253, 精品课程,,,,2026-03-14 19:35,46,https://imgs.genshuixue.com/83608986_3mlxq5v3.png,1
9198848,第二  次  万有引力,1,4,59253, 精品课程,,,,2026-03-15 09:35,38,https://imgs.genshuixue.com/83608986_3mlxq5v3.png,1
9198849,第二次   万有引力,1,4,59253, 精品课程,,,,2026-03-14 17:45,53,https://imgs.genshuixue.com/83608986_3mlxq5v3.png,1
9198850,第三次振动和波,1,4,59253, 精品课程,,,,2026-03-15 07:45,37,https://imgs.genshuixue.com/83608986_3mlxq5v3.png,1
9199020,第一次近代物理,1,4,59253, 精品课程,,,,2026-03-18 20:30,,https://imgs.genshuixue.com/83608986_3mlxq5v3.png,1
9199152,第三次力的合成与分解续,1,4,59253, 精品课程,,,,2026-03-22 13:20,7,https://imgs.genshuixue.com/83608986_3mlxq5v3.png,1
9199153,第三次带电粒子在电场中的运动（二）,1,4,59253, 精品课程,,,1.0,2026-03-22 11:40,35,https://imgs.genshuixue.com/83608986_3mlxq5v3.png,1
9199154,第三次带电粒子在电场中的运动（二）,1,4,59253, 精品课程,,,,2026-03-21 19:35,46,https://imgs.genshuixue.com/83608986_3mlxq5v3.png,1
9199155,第三次  万有引力续  功与能,1,4,59253, 精品课程,,,1.0,2026-03-22 09:35,38,https://imgs.genshuixue.com/83608986_3mlxq5v3.png,1
9199156,第三次  万有引力续  功与能,1,4,59253, 精品课程,,,1.0,2026-03-21 17:45,53,https://imgs.genshuixue.com/83608986_3mlxq5v3.png,1
9199157,第四次  交流电与电磁感应相关模型,1,4,59253, 精品课程,,,,2026-03-22 07:45,37,https://imgs.genshuixue.com/83608986_3mlxq5v3.png,1
9199343,第二次光学,1,4,59253, 精品课程,,,,2026-03-25 20:30,,https://imgs.genshuixue.com/83608986_3mlxq5v3.png,1
9199449,第四次  力和合成与分解核心模型,1,4,59253, 精品课程,,,,2026-03-29 13:20,7,https://imgs.genshuixue.com/83608986_3mlxq5v3.png,1
9199450,第四次   带电粒子在交变电场中的运动进阶,1,4,59253, 精品课程,,,1.0,2026-03-29 11:40,35,https://imgs.genshuixue.com/83608986_3mlxq5v3.png,1
9199451,第四次  带电粒子在交变电场中的运动进阶,1,4,59253, 精品课程,,,,2026-03-28 19:35,46,https://imgs.genshuixue.com/83608986_3mlxq5v3.png,1
9199452,第四次  功和能续,1,4,59253, 精品课程,,,,2026-03-29 09:35,38,https://imgs.genshuixue.com/83608986_3mlxq5v3.png,1
9199453,第五次  直流电,1,4,59253, 精品课程,,,,2026-03-29 07:50,37,https://imgs.genshuixue.com/83608986_3mlxq5v3.png,1
9199454,第四次 功和能续,1,4,59253, 精品课程,,,,2026-03-28 17:45,53,https://imgs.genshuixue.com/83608986_3mlxq5v3.png,1
9199658,万有引力复习,1,4,59253, 精品课程,,,,2026-04-01 20:30,,https://imgs.genshuixue.com/83608986_3mlxq5v3.png,1
9199823,第五次  力和合成与分解核心模型续,1,4,59253, 精品课程,,,,2026-04-04 15:00,7,https://imgs.genshuixue.com/83608986_3mlxq5v3.png,1
9199824,第五次 恒定电流一 ,1,4,59253, 精品课程,,,1.0,2026-04-05 11:40,36,https://imgs.genshuixue.com/83608986_3mlxq5v3.png,1
9199825,第五次 恒定电流一,1,4,59253, 精品课程,,,,2026-04-04 19:35,46,https://imgs.genshuixue.com/83608986_3mlxq5v3.png,1
9199826,第六次 电磁场计算（一）,1,4,59253, 精品课程,,,,2026-04-05 07:45,37,https://imgs.genshuixue.com/83608986_3mlxq5v3.png,1
9199827,第五次  电场,1,4,59253, 精品课程,,,,2026-04-05 09:35,38,https://imgs.genshuixue.com/83608986_3mlxq5v3.png,1
9199828,第五次 电场,1,4,59253, 精品课程,,,,2026-04-04 17:45,53,https://imgs.genshuixue.com/83608986_3mlxq5v3.png,1
9199842,第六次   运动的描述 ,1,4,59253, 精品课程,,,,2026-04-05 13:20,7,https://imgs.genshuixue.com/83608986_3mlxq5v3.png,1
9200110,第七次  匀变速直线运动的规律 ,1,4,59253, 精品课程,,,,2026-04-12 13:20,7,https://imgs.genshuixue.com/83608986_3mlxq5v3.png,1
9200111,第六次 电阻测量二    多用电表使用  电功和电功率,1,4,59253, 精品课程,,,1.0,2026-04-12 11:40,36,https://imgs.genshuixue.com/83608986_3mlxq5v3.png,1
9200112,第六次 电阻测量二 多用电表使用 电功和电功率,1,4,59253, 精品课程,,,,2026-04-11 19:35,46,https://imgs.genshuixue.com/83608986_3mlxq5v3.png,1
9200113,第六次  电场续  动量,1,4,59253, 精品课程,,,,2026-04-12 09:35,38,https://imgs.genshuixue.com/83608986_3mlxq5v3.png,1
9200114,第六次  电场续  动量,1,4,59253, 精品课程,,,,2026-04-11 17:45,53,https://imgs.genshuixue.com/83608986_3mlxq5v3.png,1
9200115,第七次动量,1,4,59253, 精品课程,,,,2026-04-12 07:45,37,https://imgs.genshuixue.com/83608986_3mlxq5v3.png,1
9200229,力学考点一,1,4,59253, 精品课程,,,,2026-04-15 20:30,,https://imgs.genshuixue.com/83608986_3mlxq5v3.png,1
9200281,第七次 闭合电路欧姆 定律  期中复习,1,4,59253, 精品课程,,,1.0,2026-04-19 11:40,35,https://imgs.genshuixue.com/83608986_3mlxq5v3.png,1
9200282,第七次  闭合电路欧姆定律 期中复习,1,4,59253, 精品课程,,,,2026-04-18 19:35,46,https://imgs.genshuixue.com/83608986_3mlxq5v3.png,1
9200283,第七次 原子物理,1,4,59253, 精品课程,,,,2026-04-19 09:35,38,https://imgs.genshuixue.com/83608986_3mlxq5v3.png,1
9200284,第七次 原子物理,1,4,59253, 精品课程,,,,2026-04-18 17:45,53,https://imgs.genshuixue.com/83608986_3mlxq5v3.png,1
9200285,第八次  电场,1,4,59253, 精品课程,,,,2026-04-19 07:45,37,https://imgs.genshuixue.com/83608986_3mlxq5v3.png,1
9200365,圆周运动,1,4,59253, 精品课程,,,,2026-04-22 20:30,,https://imgs.genshuixue.com/83608986_3mlxq5v3.png,1
9200473,第八次 匀变速直线运动的推论  图像 问题 ,1,4,59253, 精品课程,,,,2026-04-26 13:20,7,https://imgs.genshuixue.com/83608986_3mlxq5v3.png,1
9200474,第八 测电源的电动势和内阻  电学实验综合,1,4,59253, 精品课程,,,1.0,2026-04-25 09:35,35,https://imgs.genshuixue.com/83608986_3mlxq5v3.png,1
9200475,第八 测电源的电动势和内阻  电学实验综合,1,4,59253, 精品课程,,,1.0,2026-04-25 19:35,47,https://imgs.genshuixue.com/83608986_3mlxq5v3.png,1
9200476,第八  动量续,1,4,59253, 精品课程,,,,2026-04-25 17:45,53,https://imgs.genshuixue.com/83608986_3mlxq5v3.png,1
9200477,第八  动量续,1,4,59253, 精品课程,,,,2026-04-25 15:10,38,https://imgs.genshuixue.com/83608986_3mlxq5v3.png,1
9200478,第九次 相互作用  牛顿运动定律考点复习,1,4,59253, 精品课程,,,,2026-04-25 13:15,37,https://imgs.genshuixue.com/83608986_3mlxq5v3.png,1
9200594,电磁波及相关基础知识,1,4,59253, 精品课程,,,,2026-04-29 20:30,,https://imgs.genshuixue.com/83608986_3mlxq5v3.png,1
9200598,第九次 简单的磁现象 安培力  洛伦兹力,1,4,59253, 精品课程,,,1.0,2026-05-01 11:40,35,https://imgs.genshuixue.com/83608986_3mlxq5v3.png,1
9200599,第九次 简单的磁现象 安培力 洛伦兹力,1,4,59253, 精品课程,,,1.0,2026-04-30 19:35,48,https://imgs.genshuixue.com/83608986_3mlxq5v3.png,1
9200601,第九次 自由落体续 牛顿运动定律一,1,4,59253, 精品课程,,,,2026-04-30 15:20,7,https://imgs.genshuixue.com/83608986_3mlxq5v3.png,1
9200602,第九次 机械振动,1,4,59253, 精品课程,,,,2026-05-01 09:35,38,https://imgs.genshuixue.com/83608986_3mlxq5v3.png,1
9200603, 第十次  力学考点 二（直线运动   平抛  圆周运动）,1,4,59253, 精品课程,,,1.0,2026-05-01 07:45,37,https://imgs.genshuixue.com/83608986_3mlxq5v3.png,1
9200613,第九次 机械振动,1,4,59253, 精品课程,,,,2026-04-30 17:46,53,https://imgs.genshuixue.com/83608986_3mlxq5v3.png,1
9200629,第十次  牛顿运动定律 ,1,4,59253, 精品课程,,,,2026-05-01 13:20,7,https://imgs.genshuixue.com/83608986_3mlxq5v3.png,1
9200692,电学实验,1,4,59253, 精品课程,,,,2026-05-06 20:30,,https://imgs.genshuixue.com/83608986_3mlxq5v3.png,1
9201360,第十一 牛顿运动定综合应用,1,4,59253, 精品课程,,,,2026-05-10 13:20,7,https://imgs.genshuixue.com/83608986_3mlxq5v3.png,1
9201361,第十次 带电粒子在匀强磁场中的运动,1,4,59253, 精品课程,,,,2026-05-10 11:40,33,https://imgs.genshuixue.com/83608986_3mlxq5v3.png,1
9201362,第十次 带电粒子在匀强磁场中的运动,1,4,59253, 精品课程,,,,2026-05-09 19:35,46,https://imgs.genshuixue.com/83608986_3mlxq5v3.png,1
9201363,第十次 机械波,1,4,59253, 精品课程,,,,2026-05-10 09:35,38,https://imgs.genshuixue.com/83608986_3mlxq5v3.png,1
9201364,第十次 机械波,1,4,59253, 精品课程,,,,2026-05-09 17:45,53,https://imgs.genshuixue.com/83608986_3mlxq5v3.png,1
9201365,第十一 万有引力  电磁波,1,4,59253, 精品课程,,,,2026-05-10 07:45,37,https://imgs.genshuixue.com/83608986_3mlxq5v3.png,1
9201616,第十二 牛顿运动定律综合应用 续,1,4,59253, 精品课程,,,,2026-05-17 13:20,7,https://imgs.genshuixue.com/83608986_3mlxq5v3.png,1
9201617,第十一  带电粒子在磁场中的运动二,1,4,59253, 精品课程,,,,2026-05-16 19:35,46,https://imgs.genshuixue.com/83608986_3mlxq5v3.png,1
9201618,第十一  带电粒子在磁场中的运动（二）,1,4,59253, 精品课程,,,,2026-05-17 11:40,33,https://imgs.genshuixue.com/83608986_3mlxq5v3.png,1
9201619,第十一  机械波续  光学,1,4,59253, 精品课程,,,,2026-05-17 09:35,38,https://imgs.genshuixue.com/83608986_3mlxq5v3.png,1
9201620,第十二  机械波续  光学,1,4,59253, 精品课程,,,,2026-05-16 17:45,53,https://imgs.genshuixue.com/83608986_3mlxq5v3.png,1
9201621,第十二   力学大题复习,1,4,59253, 精品课程,,,,2026-05-17 07:45,37,https://imgs.genshuixue.com/83608986_3mlxq5v3.png,1
9201760,能量,1,4,59253, 精品课程,,,,2026-05-20 20:30,,https://imgs.genshuixue.com/83608986_3mlxq5v3.png,1
9201834,第十三  9+1试卷分析  传送带,1,4,59253, 精品课程,,,,2026-05-24 13:20,7,https://imgs.genshuixue.com/83608986_3mlxq5v3.png,1
9201835,第十二  洛伦兹力科技中的应用,1,4,59253, 精品课程,,,1.0,2026-05-23 19:35,47,https://imgs.genshuixue.com/83608986_3mlxq5v3.png,1
9201836,第十二 光学续  电磁波,1,4,59253, 精品课程,,,,2026-05-24 09:35,38,https://imgs.genshuixue.com/83608986_3mlxq5v3.png,1
9201837,第十二次 光学 续 电磁波,1,4,59253, 精品课程,,,,2026-05-23 17:45,53,https://imgs.genshuixue.com/83608986_3mlxq5v3.png,1
9201838,第十三 磁场 电磁感应大题复习,1,4,59253, 精品课程,,,,2026-05-24 07:45,37,https://imgs.genshuixue.com/83608986_3mlxq5v3.png,1
9201848,第十二 洛伦兹力在科技中的应用,1,4,59253, 精品课程,,,,2026-05-24 11:45,33,https://imgs.genshuixue.com/83608986_3mlxq5v3.png,1
9201941,回归基础,1,4,59253, 精品课程,,,,2026-05-27 20:30,,https://imgs.genshuixue.com/83608986_3mlxq5v3.png,1
9202064,考前冲刺 一,1,4,59253, 精品课程,,,,2026-05-31 08:00,46,https://imgs.genshuixue.com/83608986_3mlxq5v3.png,1
9202065,考前冲刺二,1,4,59253, 精品课程,,,,2026-05-31 09:40,46,https://imgs.genshuixue.com/83608986_3mlxq5v3.png,1
9202066,第十四  传送带及板块问题,1,4,59253, 精品课程,,,,2026-05-31 13:20,7,https://imgs.genshuixue.com/83608986_3mlxq5v3.png,1
9202067,第十三  安培力与洛伦兹力,1,4,59253, 精品课程,,,1.0,2026-05-30 17:45,54,https://imgs.genshuixue.com/83608986_3mlxq5v3.png,1
9202068,第十三  电磁感应现象   楞次定理  法拉第电磁感应定律,1,4,59253, 精品课程,,,1.0,2026-05-31 11:40,34,https://imgs.genshuixue.com/83608986_3mlxq5v3.png,1
9202069,第十三  电磁感应现象   楞次定理  法拉第电磁感应定律,1,4,59253, 精品课程,,,,2026-05-30 19:35,46,https://imgs.genshuixue.com/83608986_3mlxq5v3.png,1
9202262,最后一课,1,4,59253, 精品课程,,,,2026-06-03 20:30,,https://imgs.genshuixue.com/83608986_3mlxq5v3.png,1
9202406,第十三 直流电与交流电,1,4,59253, 精品课程,,,,2026-06-06 09:35,38,https://imgs.genshuixue.com/83608986_3mlxq5v3.png,1
9202407,第十四 法拉第电磁感应定律综合应用一,1,4,59253, 精品课程,,,1.0,2026-06-06 11:40,35,https://imgs.genshuixue.com/83608986_3mlxq5v3.png,1
9202408,第十四 法拉第电磁感应定律综合应用一,1,4,59253, 精品课程,,,,2026-06-05 19:35,46,https://imgs.genshuixue.com/83608986_3mlxq5v3.png,1
9202409,第十四  直流电与交流电,1,4,59253, 精品课程,,,,2026-06-05 17:45,53,https://imgs.genshuixue.com/83608986_3mlxq5v3.png,1
9202466,第十五次  热学,1,4,59253, 精品课程,,,,2026-06-06 17:45,53,https://imgs.genshuixue.com/83608986_3mlxq5v3.png,1
9202467,第十五次 法拉第电磁感应综合应用二,1,4,59253, 精品课程,,,,2026-06-06 19:35,46,https://imgs.genshuixue.com/83608986_3mlxq5v3.png,1
9202475,第十四  热学,1,4,59253, 精品课程,,,,2026-06-07 09:35,38,https://imgs.genshuixue.com/83608986_3mlxq5v3.png,1
9202476,第十五 电磁感应综合应用二,1,4,59253, 精品课程,,,1.0,2026-06-07 11:40,34,https://imgs.genshuixue.com/83608986_3mlxq5v3.png,1
9202508,第一次  电磁场复习一,1,4,59253, 精品课程,,,,2026-06-08 13:30,15,https://imgs.genshuixue.com/83608986_3mlxq5v3.png,1
9202509,第二次电磁场计算二   电磁感应现象  ,1,4,59253, 精品课程,,,,2026-06-08 15:10,15,https://imgs.genshuixue.com/83608986_3mlxq5v3.png,1
9202510,第三  法拉第电磁感应综合应用  ,1,4,59253, 精品课程,,,,2026-06-09 13:30,15,https://imgs.genshuixue.com/83608986_3mlxq5v3.png,1
9202511,第四次  功和能计算   电学实验,1,4,59253, 精品课程,,,,2026-06-09 15:10,15,https://imgs.genshuixue.com/83608986_3mlxq5v3.png,1
9202530,第十五 安培力与洛伦兹力,1,4,59253, 精品课程,,,,2026-06-08 18:15,38,https://imgs.genshuixue.com/83608986_3mlxq5v3.png,1
9202655,考前冲刺一,1,4,59253, 精品课程,,,,2026-06-10 18:00,4,https://imgs.genshuixue.com/83608986_3mlxq5v3.png,1
9202656,考前冲刺二,1,4,59253, 精品课程,,,,2026-06-10 19:30,4,https://imgs.genshuixue.com/83608986_3mlxq5v3.png,1
9203218,第一节 重力  弹力   摩擦力,1,4,59253, 精品课程,,,1.0,2026-06-23 17:45,55,https://imgs.genshuixue.com/83608986_3mlxq5v3.png,1
9203470,第一次匀变速直线运的规律,1,4,59253, 精品课程,,True,1.0,2026-06-23 19:40,16,https://imgs.genshuixue.com/83608986_3mlxq5v3.png,1
9203512,第二次  摩擦力  力的平行四边形定则,1,4,59253, 精品课程,,,1.0,2026-06-24 17:45,52,https://imgs.genshuixue.com/83608986_3mlxq5v3.png,1
9203513,第二次 匀变速运动的规律 续   相互作用一,1,4,59253, 精品课程,,True,,2026-06-24 19:40,14,https://imgs.genshuixue.com/83608986_3mlxq5v3.png,1
9203839,第三次 力的合成与分解二,1,4,59253, 精品课程,,,,2026-06-25 17:45,45,https://imgs.genshuixue.com/83608986_3mlxq5v3.png,1
9203840,第三次 相互作用续,1,4,59253, 精品课程,,True,,2026-06-25 19:40,14,https://imgs.genshuixue.com/83608986_3mlxq5v3.png,1
9204013,第四次 相互作用核心题型,1,4,59253, 精品课程,,,,2026-06-26 17:45,45,https://imgs.genshuixue.com/83608986_3mlxq5v3.png,1
9204014,第四次相互作用续    研究匀变速直线运动  力的平行四边形定则,1,4,59253, 精品课程,,True,,2026-06-26 19:40,14,https://imgs.genshuixue.com/83608986_3mlxq5v3.png,1
9204074,第五次   相互作用核心模型续,1,4,59253, 精品课程,,,,2026-06-27 17:45,45,https://imgs.genshuixue.com/83608986_3mlxq5v3.png,1
9204075,第五次  牛顿运动定律一,1,4,59253, 精品课程,,True,,2026-06-27 19:40,14,https://imgs.genshuixue.com/83608986_3mlxq5v3.png,1
9204082,第十五次 杭州期中试卷分析  曲线运动,1,4,59253, 精品课程,,,,2026-06-28 13:20,7,https://imgs.genshuixue.com/83608986_3mlxq5v3.png,1
9204083,第六次牛顿运动定律续,1,4,59253, 精品课程,,True,,2026-06-28 19:40,14,https://imgs.genshuixue.com/83608986_3mlxq5v3.png,1
9204086,第六次运动的描述  匀变速直线运动的规律一,1,4,59253, 精品课程,,,,2026-06-28 17:45,45,https://imgs.genshuixue.com/83608986_3mlxq5v3.png,1
9204165,第七次牛顿运动定律三,1,4,59253, 精品课程,,True,,2026-06-29 19:40,14,https://imgs.genshuixue.com/83608986_3mlxq5v3.png,1
9204166,第七次 匀变速直线运动的规律,1,4,59253, 精品课程,,,,2026-06-29 17:46,45,https://imgs.genshuixue.com/83608986_3mlxq5v3.png,1
9204268, 第八次传送带及板块问题,1,4,59253, 精品课程,,True,,2026-06-30 19:40,14,https://imgs.genshuixue.com/83608986_3mlxq5v3.png,1
9204269,第八次匀变速直线运动规律的综合应用,1,4,59253, 精品课程,,,,2026-06-30 17:45,45,https://imgs.genshuixue.com/83608986_3mlxq5v3.png,1
9204293,第九次 板块问题,1,4,59253, 精品课程,,True,1.0,2026-07-01 19:40,14,https://imgs.genshuixue.com/83608986_3mlxq5v3.png,1
9204294,第九次  自由落体运动一,1,4,59253, 精品课程,,,,2026-07-01 18:35,45,https://imgs.genshuixue.com/83608986_3mlxq5v3.png,1
9204338,第十次曲线运动  抛体运动,1,4,59253, 精品课程,,True,1.0,2026-07-02 19:40,14,https://imgs.genshuixue.com/83608986_3mlxq5v3.png,1
9204339,第十次  自由落体二,1,4,59253, 精品课程,,,,2026-07-02 18:35,45,https://imgs.genshuixue.com/83608986_3mlxq5v3.png,1
9204367,第十一抛体运动续 圆周运动一,1,4,59253, 精品课程,,True,,2026-07-03 19:40,14,https://imgs.genshuixue.com/83608986_3mlxq5v3.png,1
9204368,第十一  牛顿运动定律一,1,4,59253, 精品课程,,,,2026-07-03 17:45,45,https://imgs.genshuixue.com/83608986_3mlxq5v3.png,1
9204431,第十二次圆周运动二  ,1,4,59253, 精品课程,,True,,2026-07-04 19:40,14,https://imgs.genshuixue.com/83608986_3mlxq5v3.png,1
9204432,第十二次牛顿运动定律  整体隔离法,1,4,59253, 精品课程,,,,2026-07-04 17:45,45,https://imgs.genshuixue.com/83608986_3mlxq5v3.png,1
9204462,第十三 万有引力,1,4,59253, 精品课程,,True,1.0,2026-07-05 19:40,15,https://imgs.genshuixue.com/83608986_3mlxq5v3.png,1
9204463,第十三    两类动力学问题    金华十校分析,1,4,59253, 精品课程,,,,2026-07-05 17:45,45,https://imgs.genshuixue.com/83608986_3mlxq5v3.png,1
9204586,第十四 万有引力二,1,4,59253, 精品课程,,True,1.0,2026-07-06 19:40,15,https://imgs.genshuixue.com/83608986_3mlxq5v3.png,1
9204587,第十四  传送带  ,1,4,59253, 精品课程,,,,2026-07-06 17:45,45,https://imgs.genshuixue.com/83608986_3mlxq5v3.png,1
9204713,第一节简单的磁现象  安培力与洛伦兹力,1,4,59253, 精品课程,,,,2026-07-07 18:00,11,https://imgs.genshuixue.com/83608986_3mlxq5v3.png,1
9204714,第二次 带电粒子在匀强磁场中的运动一 ,1,4,59253, 精品课程,,,,2026-07-07 19:40,11,https://imgs.genshuixue.com/83608986_3mlxq5v3.png,1
9204823,第三 带电粒子在磁场中的运动 续,1,4,59253, 精品课程,,,,2026-07-08 18:00,11,https://imgs.genshuixue.com/83608986_3mlxq5v3.png,1
9204824,第四  带电粒子在复合场中的实例分析,1,4,59253, 精品课程,,,,2026-07-08 19:40,11,https://imgs.genshuixue.com/83608986_3mlxq5v3.png,1
9204833,第五次  电磁感应一,1,4,59253, 精品课程,,,,2026-07-09 18:00,11,https://imgs.genshuixue.com/83608986_3mlxq5v3.png,1
9204834,第六次  电磁感应二,1,4,59253, 精品课程,,,,2026-07-09 19:40,11,https://imgs.genshuixue.com/83608986_3mlxq5v3.png,1
9204838,第一次课动量定理,1,4,59253, 精品课程,,,,2026-07-10 13:30,45,https://imgs.genshuixue.com/83608986_3mlxq5v3.png,1
9204839,第一次 重力  弹力,1,4,59253, 精品课程,,,,2026-07-10 15:15,43,https://imgs.genshuixue.com/83608986_3mlxq5v3.png,1
9204840,第一次课电磁场计算相关知识点，,1,4,59253, 精品课程,,,1.0,2026-07-10 17:45,41,https://imgs.genshuixue.com/83608986_3mlxq5v3.png,1
9204841,第一次课   动量定理,1,4,59253, 精品课程,,,1.0,2026-07-10 19:35,69,https://imgs.genshuixue.com/83608986_3mlxq5v3.png,1
9204842,第一次课电磁场计算相关知识点，,1,4,59253, 精品课程,,,1.0,2026-07-11 07:45,64,https://imgs.genshuixue.com/83608986_3mlxq5v3.png,1
9204853,第十五 传送带续  板块问题,1,4,59253, 精品课程,,,,2026-07-11 09:35,45,https://imgs.genshuixue.com/83608986_3mlxq5v3.png,1
9204966,第十六次 板块问题续  曲线运动  平抛运动  杭州周边卷分析,1,4,59253, 精品课程,,,,2026-07-16 17:45,45,https://imgs.genshuixue.com/83608986_3mlxq5v3.png,1
9204967,第十五次  功和功率 ,1,4,59253, 精品课程,,True,,2026-07-16 19:40,14,https://imgs.genshuixue.com/83608986_3mlxq5v3.png,1
9204972,第二次 摩擦力  力的平行四边形定则,1,4,59253, 精品课程,,,,2026-07-17 09:40,43,https://imgs.genshuixue.com/83608986_3mlxq5v3.png,1
9204976,第二次 动量定理续  动量守恒,1,4,59253, 精品课程,,,,2026-07-17 19:35,61,https://imgs.genshuixue.com/83608986_3mlxq5v3.png,1
9204977,第二次 动量定理续  动量守恒,1,4,59253, 精品课程,,,,2026-07-18 13:30,45,https://imgs.genshuixue.com/83608986_3mlxq5v3.png,1
9204978,第十七次  平抛运动  ,1,4,59253, 精品课程,,,,2026-07-17 17:45,45,https://imgs.genshuixue.com/83608986_3mlxq5v3.png,1
9205000,第三次 弹簧  板块  反冲 ,1,4,59253, 精品课程,,,,2026-07-18 19:35,61,https://imgs.genshuixue.com/83608986_3mlxq5v3.png,1
9205001,第三次 弹簧 、板块  反冲 ,1,4,59253, 精品课程,,,,2026-07-19 13:30,45,https://imgs.genshuixue.com/83608986_3mlxq5v3.png,1
9205002,第二次 电磁场计算相关知识点续  近代物理一,1,4,59253, 精品课程,,,,2026-07-19 07:45,63,https://imgs.genshuixue.com/83608986_3mlxq5v3.png,1
9205003,第二次 电磁场计算相关知识点续  近代物理一,1,4,59253, 精品课程,,,,2026-07-18 17:45,41,https://imgs.genshuixue.com/83608986_3mlxq5v3.png,1
9205004,第三次 力的合成与分解 续,1,4,59253, 精品课程,,,,2026-07-18 09:40,43,https://imgs.genshuixue.com/83608986_3mlxq5v3.png,1
9205031,第四次 力的分解核心模型,1,4,59253, 精品课程,,,,2026-07-19 09:40,43,https://imgs.genshuixue.com/83608986_3mlxq5v3.png,1
9205038,第三次 近代物理续   配速法与洛伦兹力冲量,1,4,59253, 精品课程,,,,2026-07-19 17:45,41,https://imgs.genshuixue.com/83608986_3mlxq5v3.png,1
9205039,第三次 近代物理续   ,1,4,59253, 精品课程,,,,2026-07-20 07:45,63,https://imgs.genshuixue.com/83608986_3mlxq5v3.png,1
9205040,第四次  反冲  力的三大观点解决问题,1,4,59253, 精品课程,,,,2026-07-19 19:35,61,https://imgs.genshuixue.com/83608986_3mlxq5v3.png,1
9205041,第四次 反冲 力的三大观点解决问题,1,4,59253, 精品课程,,,,2026-07-20 13:30,45,https://imgs.genshuixue.com/83608986_3mlxq5v3.png,1
9205042,第五次  力的合成与分解核心模型,1,4,59253, 精品课程,,,,2026-07-20 09:40,43,https://imgs.genshuixue.com/83608986_3mlxq5v3.png,1
9205056,第四次 配速法与洛伦兹力冲量,1,4,59253, 精品课程,,,,2026-07-21 07:45,63,https://imgs.genshuixue.com/83608986_3mlxq5v3.png,1
9205057,第四次 配速法与洛伦兹力冲量,1,4,59253, 精品课程,,,,2026-07-20 17:45,41,https://imgs.genshuixue.com/83608986_3mlxq5v3.png,1
9205058,第五次 力的三大观点解决问题,1,4,59253, 精品课程,,,,2026-07-20 19:35,61,https://imgs.genshuixue.com/83608986_3mlxq5v3.png,1
9205059,第五次 力的三大观点解决问题,1,4,59253, 精品课程,,,,2026-07-21 13:30,45,https://imgs.genshuixue.com/83608986_3mlxq5v3.png,1
9205060,第六次  力的合成与分解核心模型续   运动的描述,1,4,59253, 精品课程,,,,2026-07-21 09:40,43,https://imgs.genshuixue.com/83608986_3mlxq5v3.png,1
9205294,第六 电磁感应与动量,1,4,59253, 精品课程,,,,2026-07-22 13:30,45,https://imgs.genshuixue.com/83608986_3mlxq5v3.png,1
9205295,第六 电磁感应与动量,1,4,59253, 精品课程,,,,2026-07-21 19:35,61,https://imgs.genshuixue.com/83608986_3mlxq5v3.png,1
9205296,第五  洛伦兹力冲量  三点一线定圆心,1,4,59253, 精品课程,,,,2026-07-22 07:45,63,https://imgs.genshuixue.com/83608986_3mlxq5v3.png,1
9205298,第五  洛伦兹力冲量  三点一线定圆心,1,4,59253, 精品课程,,,,2026-07-21 17:45,41,https://imgs.genshuixue.com/83608986_3mlxq5v3.png,1
9205299,第七 加速度  匀变速直线运动的规律,1,4,59253, 精品课程,,,,2026-07-22 09:40,43,https://imgs.genshuixue.com/83608986_3mlxq5v3.png,1
9205309,第八次匀变速直线运动的规律二,1,4,59253, 精品课程,,,,2026-07-23 09:40,43,https://imgs.genshuixue.com/83608986_3mlxq5v3.png,1
9205310,第七次 电磁感应与动量双棒模型 续  ,1,4,59253, 精品课程,,,,2026-07-22 19:35,61,https://imgs.genshuixue.com/83608986_3mlxq5v3.png,1
9205311,第七次 电磁感应与动量 （双棒模型）续   ,1,4,59253, 精品课程,,,,2026-07-23 13:30,45,https://imgs.genshuixue.com/83608986_3mlxq5v3.png,1
9205312,第六次  磁场中的三种圆  对称问问题,1,4,59253, 精品课程,,,,2026-07-23 07:45,63,https://imgs.genshuixue.com/83608986_3mlxq5v3.png,1
9205313,第六次  磁场中的三种圆  对称问问题,1,4,59253, 精品课程,,,,2026-07-22 17:45,41,https://imgs.genshuixue.com/83608986_3mlxq5v3.png,1
9205347,第七次 双圆共弦   往复运动  磁聚焦,1,4,59253, 精品课程,,,,2026-07-24 07:45,63,https://imgs.genshuixue.com/83608986_3mlxq5v3.png,1
9205348,第七次 双圆共弦   往复运动  磁聚焦,1,4,59253, 精品课程,,,,2026-07-23 17:45,41,https://imgs.genshuixue.com/83608986_3mlxq5v3.png,1
9205349,第八次 电磁感应与电容,1,4,59253, 精品课程,,,,2026-07-23 19:35,61,https://imgs.genshuixue.com/83608986_3mlxq5v3.png,1
9205350,第九次 追及相遇问题   自由落体运动一,1,4,59253, 精品课程,,,,2026-07-24 09:40,43,https://imgs.genshuixue.com/83608986_3mlxq5v3.png,1
9205351,第八次 电磁感应与电容,1,4,59253, 精品课程,,,,2026-07-24 13:30,45,https://imgs.genshuixue.com/83608986_3mlxq5v3.png,1
9205405,第八  磁聚焦续  组合场运动   ,1,4,59253, 精品课程,,,,2026-07-25 07:45,63,https://imgs.genshuixue.com/83608986_3mlxq5v3.png,1
9205406,第八 次磁聚焦续  组合场运动   ,1,4,59253, 精品课程,,,,2026-07-24 17:45,41,https://imgs.genshuixue.com/83608986_3mlxq5v3.png,1
9205407,第九次 交流电续,1,4,59253, 精品课程,,,,2026-07-24 19:35,61,https://imgs.genshuixue.com/83608986_3mlxq5v3.png,1
9205408,第九次交流电,1,4,59253, 精品课程,,,,2026-07-25 13:30,45,https://imgs.genshuixue.com/83608986_3mlxq5v3.png,1
9205409,第十次 自由落体续   牛顿运动定律一,1,4,59253, 精品课程,,,,2026-07-25 09:40,43,https://imgs.genshuixue.com/83608986_3mlxq5v3.png,1
9205441,第九次  带电粒子在现代科技中的综合应用,1,4,59253, 精品课程,,,,2026-07-27 07:45,63,https://imgs.genshuixue.com/83608986_3mlxq5v3.png,1
9205442,第九次  带电粒子在现代科技中的综合应用,1,4,59253, 精品课程,,,,2026-07-25 17:45,41,https://imgs.genshuixue.com/83608986_3mlxq5v3.png,1
9205443,第十次 三点一线定圆心   粒子平行射出问题,1,4,59253, 精品课程,,,,2026-07-25 19:35,61,https://imgs.genshuixue.com/83608986_3mlxq5v3.png,1
9205444,第十次 三点一线定圆心 粒子平行射出问题,1,4,59253, 精品课程,,,,2026-07-27 13:30,45,https://imgs.genshuixue.com/83608986_3mlxq5v3.png,1
9205445,第十六次   重力势能  动能定理,1,4,59253, 精品课程,,True,,2026-07-26 19:40,14,https://imgs.genshuixue.com/83608986_3mlxq5v3.png,1
9205446,第十一牛顿运动第二定律 整体法隔离法,1,4,59253, 精品课程,,,1.0,2026-07-27 09:40,44,https://imgs.genshuixue.com/83608986_3mlxq5v3.png,1
9205447,第十八次  圆周运动一 宁波卷分析,1,4,59253, 精品课程,,,,2026-07-26 17:45,45,https://imgs.genshuixue.com/83608986_3mlxq5v3.png,1
9205457,第十次  带电粒子在科技中的应用 续  立体模型,1,4,59253, 精品课程,,,,2026-07-28 07:45,63,https://imgs.genshuixue.com/83608986_3mlxq5v3.png,1
9205458,第十次  带电粒子在科技中的应用 续  立体模型,1,4,59253, 精品课程,,,,2026-07-27 17:45,41,https://imgs.genshuixue.com/83608986_3mlxq5v3.png,1
9205459,第十一 磁聚焦  ,1,4,59253, 精品课程,,,,2026-07-27 19:35,61,https://imgs.genshuixue.com/83608986_3mlxq5v3.png,1
9205460,第十一 磁聚焦  ,1,4,59253, 精品课程,,,,2026-07-28 13:30,45,https://imgs.genshuixue.com/83608986_3mlxq5v3.png,1
9205461,第十二  牛顿运动定律综合应用,1,4,59253, 精品课程,,,,2026-07-28 09:40,43,https://imgs.genshuixue.com/83608986_3mlxq5v3.png,1
9205504,第十一次  电磁感应核心知识点,1,4,59253, 精品课程,,,,2026-07-29 07:45,63,https://imgs.genshuixue.com/83608986_3mlxq5v3.png,1
9205505,第十一次  电磁感应核心知识点,1,4,59253, 精品课程,,,,2026-07-28 17:45,41,https://imgs.genshuixue.com/83608986_3mlxq5v3.png,1
9205506,第十二  立体模型续 双圆共弦,1,4,59253, 精品课程,,,,2026-07-29 13:30,45,https://imgs.genshuixue.com/83608986_3mlxq5v3.png,1
9205507,第十二  立体模型续 双圆共弦,1,4,59253, 精品课程,,,,2026-07-28 19:35,61,https://imgs.genshuixue.com/83608986_3mlxq5v3.png,1
9205508, 第十三  弹簧的接触与分离问题    金华十校分析,1,4,59253, 精品课程,,,,2026-07-29 09:40,43,https://imgs.genshuixue.com/83608986_3mlxq5v3.png,1
9205520,第十二次 电磁感应收尾速度  安培力冲量,1,4,59253, 精品课程,,,,2026-07-30 07:45,63,https://imgs.genshuixue.com/83608986_3mlxq5v3.png,1
9205521,第十二次 电磁感应收尾速度  安培力冲量,1,4,59253, 精品课程,,,,2026-07-29 17:45,41,https://imgs.genshuixue.com/83608986_3mlxq5v3.png,1
9205522,第十三  洛伦兹力冲量,1,4,59253, 精品课程,,,,2026-07-29 19:35,61,https://imgs.genshuixue.com/83608986_3mlxq5v3.png,1
9205523,第十三  洛伦兹力冲量,1,4,59253, 精品课程,,,,2026-07-30 13:30,45,https://imgs.genshuixue.com/83608986_3mlxq5v3.png,1
9205524,第十四  传送带  板块问题,1,4,59253, 精品课程,,,,2026-07-30 09:40,43,https://imgs.genshuixue.com/83608986_3mlxq5v3.png,1
9205543,第十三   含原电路 电势差分析  储能问题,1,4,59253, 精品课程,,,,2026-07-31 07:45,63,https://imgs.genshuixue.com/83608986_3mlxq5v3.png,1
9205544,第十三   含原电路 电势差分析  储能问题,1,4,59253, 精品课程,,,,2026-07-30 17:45,41,https://imgs.genshuixue.com/83608986_3mlxq5v3.png,1
9205553,第十四 力与运动,1,4,59253, 精品课程,,,,2026-07-30 19:35,61,https://imgs.genshuixue.com/83608986_3mlxq5v3.png,1
9205554,第十四  力与运动,1,4,59253, 精品课程,,,,2026-07-31 13:30,45,https://imgs.genshuixue.com/83608986_3mlxq5v3.png,1
9205555,第十五  板块问题续  曲线运动 杭州周边卷分析,1,4,59253, 精品课程,,,,2026-07-31 09:40,43,https://imgs.genshuixue.com/83608986_3mlxq5v3.png,1
9205578,第十四  储能问题续  单棒切割模型,1,4,59253, 精品课程,,,1.0,2026-08-01 07:45,64,https://imgs.genshuixue.com/83608986_3mlxq5v3.png,1
9205579,第十四  储能问题续  单棒切割模型,1,4,59253, 精品课程,,,,2026-07-31 17:45,41,https://imgs.genshuixue.com/83608986_3mlxq5v3.png,1
9205580,第十五次  力与曲线运动   ,1,4,59253, 精品课程,,,,2026-08-01 13:30,45,https://imgs.genshuixue.com/83608986_3mlxq5v3.png,1
9205581,第十五  力与曲线运动   ,1,4,59253, 精品课程,,,,2026-07-31 19:35,61,https://imgs.genshuixue.com/83608986_3mlxq5v3.png,1
9205582,第十六  抛体运动,1,4,59253, 精品课程,,,,2026-08-01 09:40,43,https://imgs.genshuixue.com/83608986_3mlxq5v3.png,1
9205591,第十五旋转切割模型,1,4,59253, 精品课程,,,,2026-08-02 07:45,63,https://imgs.genshuixue.com/83608986_3mlxq5v3.png,1
9205592,第十五 旋转切割模型,1,4,59253, 精品课程,,,1.0,2026-08-01 17:45,41,https://imgs.genshuixue.com/83608986_3mlxq5v3.png,1
9205593,第十七  圆周运动一,1,4,59253, 精品课程,,,,2026-08-02 09:40,43,https://imgs.genshuixue.com/83608986_3mlxq5v3.png,1
9205594,第十六   万有引力  机械能一,1,4,59253, 精品课程,,,1.0,2026-08-01 19:35,61,https://imgs.genshuixue.com/83608986_3mlxq5v3.png,1
9205599,第十六电容器   双棒模型,1,4,59253, 精品课程,,,,2026-08-03 07:45,63,https://imgs.genshuixue.com/83608986_3mlxq5v3.png,1
9205600,第十六电容器   双棒模型,1,4,59253, 精品课程,,,1.0,2026-08-02 17:45,41,https://imgs.genshuixue.com/83608986_3mlxq5v3.png,1
9205601,第十八  圆周运动二,1,4,59253, 精品课程,,,,2026-08-03 09:40,43,https://imgs.genshuixue.com/83608986_3mlxq5v3.png,1
9205602,第十七  机械能续  电场,1,4,59253, 精品课程,,,,2026-08-02 19:35,61,https://imgs.genshuixue.com/83608986_3mlxq5v3.png,1
9205603,第十六  万有引力   机械能,1,4,59253, 精品课程,,,1.0,2026-08-02 13:30,45,https://imgs.genshuixue.com/83608986_3mlxq5v3.png,1
9205605,第十七  机械能 续  电场,1,4,59253, 精品课程,,,,2026-08-03 13:30,45,https://imgs.genshuixue.com/83608986_3mlxq5v3.png,1
9205609,第一次 微积分 一 ,1,4,59253, 精品课程,,True,,2026-08-04 08:00,36,https://imgs.genshuixue.com/83608986_3mlxq5v3.png,1
9205610,第二次  微积分二,1,4,59253, 精品课程,,True,,2026-08-04 09:40,36,https://imgs.genshuixue.com/83608986_3mlxq5v3.png,1
9205655,第一次  动量定理   动量守恒,1,4,59253, 精品课程,,,,2026-08-04 13:30,17,https://imgs.genshuixue.com/83608986_3mlxq5v3.png,1
9205658,第十八 圆周运动二,1,4,59253, 精品课程,,,1.0,2026-08-03 17:45,47,https://imgs.genshuixue.com/83608986_3mlxq5v3.png,1
9205659,第十七  机械能守恒  功能关系,1,4,59253, 精品课程,,True,1.0,2026-08-03 19:40,15,https://imgs.genshuixue.com/83608986_3mlxq5v3.png,1
9205705,第二次 动量定理  角动量守恒,1,4,59253, 精品课程,,,,2026-08-04 15:10,17,https://imgs.genshuixue.com/83608986_3mlxq5v3.png,1
9205731,第三次 相对运动  物系相关速度,1,4,59253, 精品课程,,True,,2026-08-05 08:00,36,https://imgs.genshuixue.com/83608986_3mlxq5v3.png,1
9205732,第四 抛体运动,1,4,59253, 精品课程,,True,,2026-08-05 09:40,36,https://imgs.genshuixue.com/83608986_3mlxq5v3.png,1
9205733,第三次 刚体的转动 续,1,4,59253, 精品课程,,,,2026-08-05 13:30,17,https://imgs.genshuixue.com/83608986_3mlxq5v3.png,1
9205734,第四次  动量与能量,1,4,59253, 精品课程,,,,2026-08-05 15:10,17,https://imgs.genshuixue.com/83608986_3mlxq5v3.png,1
9205741,第五 抛体运动 续   圆周运动   ,1,4,59253, 精品课程,,True,,2026-08-06 08:00,36,https://imgs.genshuixue.com/83608986_3mlxq5v3.png,1
9205742,第六   三种性质的力,1,4,59253, 精品课程,,True,,2026-08-06 09:40,36,https://imgs.genshuixue.com/83608986_3mlxq5v3.png,1
9205743, 第五次 静电场一,1,4,59253, 精品课程,,,,2026-08-06 13:30,17,https://imgs.genshuixue.com/83608986_3mlxq5v3.png,1
9205744,第 六次 静电场  ,1,4,59253, 精品课程,,,,2026-08-06 15:10,17,https://imgs.genshuixue.com/83608986_3mlxq5v3.png,1
9205751,第七次   力矩平衡 ,1,4,59253, 精品课程,,True,,2026-08-07 08:00,36,https://imgs.genshuixue.com/83608986_3mlxq5v3.png,1
9205752,第八次  一般物体的平衡,1,4,59253, 精品课程,,True,,2026-08-07 09:40,36,https://imgs.genshuixue.com/83608986_3mlxq5v3.png,1
9205753,第七次 静电场续  ,1,4,59253, 精品课程,,,,2026-08-07 13:30,17,https://imgs.genshuixue.com/83608986_3mlxq5v3.png,1
9205754,第八次 恒定电流 ,1,4,59253, 精品课程,,,,2026-08-07 15:10,17,https://imgs.genshuixue.com/83608986_3mlxq5v3.png,1
9205809,第九  一般物体的平衡续 ,1,4,59253, 精品课程,,True,,2026-08-08 08:00,36,https://imgs.genshuixue.com/83608986_3mlxq5v3.png,1
9205810,第十  动力学,1,4,59253, 精品课程,,True,,2026-08-08 09:40,36,https://imgs.genshuixue.com/83608986_3mlxq5v3.png,1
9205820,第九次 恒定电流续 ,1,4,59253, 精品课程,,,,2026-08-08 13:30,17,https://imgs.genshuixue.com/83608986_3mlxq5v3.png,1
9205821,第十次   磁场一,1,4,59253, 精品课程,,,,2026-08-08 15:10,17,https://imgs.genshuixue.com/83608986_3mlxq5v3.png,1
9205833,第十一  惯性力,1,4,59253, 精品课程,,True,,2026-08-09 08:00,36,https://imgs.genshuixue.com/83608986_3mlxq5v3.png,1
9205834,第十二  力与曲线运动,1,4,59253, 精品课程,,True,,2026-08-09 09:40,36,https://imgs.genshuixue.com/83608986_3mlxq5v3.png,1
9205835,第 十一  电磁感应一,1,4,59253, 精品课程,,,,2026-08-09 13:30,17,https://imgs.genshuixue.com/83608986_3mlxq5v3.png,1
9205836,第十二  电磁感应二,1,4,59253, 精品课程,,,,2026-08-09 15:10,17,https://imgs.genshuixue.com/83608986_3mlxq5v3.png,1
9206048,第十九次  暑假学情测试卷分析,1,4,59253, 精品课程,,True,,2026-08-16 12:40,68,https://imgs.genshuixue.com/83608986_3mlxq5v3.png,1
9206053,第十八次 静电场  实验复习,1,4,59253, 精品课程,,,1.0,2026-08-15 19:35,63,https://imgs.genshuixue.com/83608986_3mlxq5v3.png,1
9206054,第十八次  静电场 实验复习,1,4,59253, 精品课程,,,,2026-08-16 09:35,45,https://imgs.genshuixue.com/83608986_3mlxq5v3.png,1
9206055,第十七次  导体框模型,1,4,59253, 精品课程,,,,2026-08-16 07:45,63,https://imgs.genshuixue.com/83608986_3mlxq5v3.png,1
9206056,第十七 导体框模型,1,4,59253, 精品课程,,,1.0,2026-08-15 17:45,42,https://imgs.genshuixue.com/83608986_3mlxq5v3.png,1
